"view_history","rt","trialid","procedure","trial_type","trial_index","time_elapsed","internal_node_id","stimulus","response","slider_start"
"[{""page_index"":0,""viewing_time"":701}]","701","Instructions_01","MDDF","instructions","27","33801","0.0-29.0-0.0","","",""
"","1628","MDDF_01","MDDF","survey-multi-choice-vertical","28","35432","0.0-30.0-0.0","{""Q0"":""1. A un hombre joven le gusta escuchar a sus vecinos ancianos teniendo relaciones sexuales.¿En qué medida esto le parece inadecuado o adecuado?""}","{""Q0"":""Poco inadecuado""}",""
"","958","MDDF_02","MDDF","survey-multi-choice-vertical","29","36392","0.0-31.0-0.0","{""Q0"":""1. A un hombre joven le gusta escuchar a sus vecinos ancianos teniendo relaciones sexuales.¿Usted considera que en esta situación alguien ha sufrido un daño?""}","{""Q0"":"" Si""}",""
"","882","MDDF_03","MDDF","html-slider-response","30","37277","0.0-32.0-0.0-0.0","<div class='justified'>1. A un hombre joven le gusta escuchar a sus vecinos ancianos teniendo relaciones sexuales.</p><p>Si usted considera que alguien sufrió un daño en esta situación, ¿Que tanto daño cree usted que sufrió? </p></div></br>","3","4"
"","1634","MDDF_04","MDDF","survey-multi-choice-vertical","31","38914","0.0-33.0-0.0","{""Q0"":""2. Una pareja de hermanos están de acuerdo en tener sexo protegido.¿En qué medida esto le parece inadecuado o adecuado?""}","{""Q0"":""Un poco adecuado""}",""
"","936","MDDF_05","MDDF","survey-multi-choice-vertical","32","39853","0.0-34.0-0.0","{""Q0"":""2. Una pareja de hermanos están de acuerdo en tener sexo protegido.¿Usted considera que en esta situación alguien ha sufrido un daño?""}","{""Q0"":"" Si""}",""
"","829.8999999910593","MDDF_06","MDDF","html-slider-response","33","40685","0.0-35.0-0.0-0.0","<div class='justified'>2. Una pareja de hermanos están de acuerdo en tener sexo protegido.</p><p>Si usted considera que alguien sufrió un daño en esta situación, ¿Que tanto daño cree usted que sufrió? </p></div></br>","4","4"
"[{""page_index"":0,""viewing_time"":571}]","571","Instructions_02","MDDF","instructions","34","41257","0.0-36.0-0.0","","",""
"","1538","MDDF_07","MDDF","survey-multi-choice-vertical","35","42800","0.0-37.0-0.0","{""Q0"":""1. Una mujer va deliberadamente a trabajar cuando tiene gripe/influenza.¿En qué medida esto le parece inadecuado o adecuado?""}","{""Q0"":""Medianamente inadecuado""}",""
"","932","MDDF_08","MDDF","survey-multi-choice-vertical","36","43735","0.0-38.0-0.0","{""Q0"":""1. Una mujer va deliberadamente a trabajar cuando tiene gripe/influenza.¿Usted considera que en esta situación alguien ha sufrido un daño?""}","{""Q0"":"" Si""}",""
"","847.3999999910593","MDDF_09","MDDF","html-slider-response","37","44584","0.0-39.0-0.0-0.0","<div class='justified'>1. Una mujer va deliberadamente a trabajar cuando tiene gripe/influenza.</p><p>Si usted considera que alguien sufrió un daño en esta situación, ¿Que tanto daño cree usted que sufrió? </p></div></br>","3","4"
"","1520","MDDF_10","MDDF","survey-multi-choice-vertical","38","46109","0.0-40.0-0.0","{""Q0"":""2. El dueño de un hotel no fumigará las camas infestadas de insectos porque es muy caro.¿En qué medida esto le parece inadecuado o adecuado?""}","{""Q0"":""Un poco adecuado""}",""
"","938","MDDF_11","MDDF","survey-multi-choice-vertical","39","47049","0.0-41.0-0.0","{""Q0"":""2. El dueño de un hotel no fumigará las camas infestadas de insectos porque es muy caro.¿Usted considera que en esta situación alguien ha sufrido un daño?""}","{""Q0"":"" Si""}",""
"","856.7999999970198","MDDF_12","MDDF","html-slider-response","40","47910","0.0-42.0-0.0-0.0","<div class='justified'>2. El dueño de un hotel no fumigará las camas infestadas de insectos porque es muy caro.</p><p>Si usted considera que alguien sufrió un daño en esta situación, ¿Que tanto daño cree usted que sufrió? </p></div></br>","1","4"
"","1453","MDDF_13","MDDF","survey-multi-choice-vertical","41","49367","0.0-43.0-0.0","{""Q0"":""3. Un hombre no se molesta en lavarse las manos antes de preparar el biberón de su bebé.¿En qué medida esto le parece inadecuado o adecuado?""}","{""Q0"":""Sin opinion""}",""
"","945","MDDF_14","MDDF","survey-multi-choice-vertical","42","50313","0.0-44.0-0.0","{""Q0"":""3. Un hombre no se molesta en lavarse las manos antes de preparar el biberón de su bebé.¿Usted considera que en esta situación alguien ha sufrido un daño?""}","{""Q0"":"" Si""}",""
"","826.2000000029802","MDDF_15","MDDF","html-slider-response","43","51141","0.0-45.0-0.0-0.0","<div class='justified'>3. Un hombre no se molesta en lavarse las manos antes de preparar el biberón de su bebé.</p><p>Si usted considera que alguien sufrió un daño en esta situación, ¿Que tanto daño cree usted que sufrió? </p></div></br>","4","4"
"","1489","MDDF_16","MDDF","survey-multi-choice-vertical","44","52634","0.0-46.0-0.0","{""Q0"":""4. Un hombre orina intencionalmente en el piso del baño.¿En qué medida esto le parece inadecuado o adecuado?""}","{""Q0"":""Medianamente inadecuado""}",""
"","960","MDDF_17","MDDF","survey-multi-choice-vertical","45","53597","0.0-47.0-0.0","{""Q0"":""4. Un hombre orina intencionalmente en el piso del baño.¿Usted considera que en esta situación alguien ha sufrido un daño?""}","{""Q0"":"" Si""}",""
"","825.6000000089407","MDDF_18","MDDF","html-slider-response","46","54424","0.0-48.0-0.0-0.0","<div class='justified'>4. Un hombre orina intencionalmente en el piso del baño.</p><p>Si usted considera que alguien sufrió un daño en esta situación, ¿Que tanto daño cree usted que sufrió? </p></div></br>","6","4"
"","1496","MDDF_19","MDDF","survey-multi-choice-vertical","47","55926","0.0-49.0-0.0","{""Q0"":""5. Alguien deja una rata muerta en la cocina de su vecino.¿En qué medida esto le parece inadecuado o adecuado?""}","{""Q0"":""Poco inadecuado""}",""
"","981","MDDF_20","MDDF","survey-multi-choice-vertical","48","56909","0.0-50.0-0.0","{""Q0"":""5. Alguien deja una rata muerta en la cocina de su vecino.¿Usted considera que en esta situación alguien ha sufrido un daño?""}","{""Q0"":"" No""}",""
"[{""page_index"":0,""viewing_time"":574}]","574","Instructions_03","MDDF","instructions","49","57484","0.0-52.0-0.0","","",""
"","1432","MDDF_22","MDDF","survey-multi-choice-vertical","50","58921","0.0-53.0-0.0","{""Q0"":""1. Alguien toma un vaso de leche mientras se da cuenta que huele rancia.¿En qué medida esto le parece inadecuado o adecuado?""}","{""Q0"":""Medianamente adecuado""}",""
"","947","MDDF_23","MDDF","survey-multi-choice-vertical","51","59870","0.0-54.0-0.0","{""Q0"":""1. Alguien toma un vaso de leche mientras se da cuenta que huele rancia.¿Usted considera que en esta situación alguien ha sufrido un daño?""}","{""Q0"":"" Si""}",""
"","818.7999999970198","MDDF_24","MDDF","html-slider-response","52","60691","0.0-55.0-0.0-0.0","<div class='justified'>1. Alguien toma un vaso de leche mientras se da cuenta que huele rancia.</p><p>Si usted considera que alguien sufrió un daño en esta situación, ¿Que tanto daño cree usted que sufrió? </p></div></br>","6","4"
"","1461","MDDF_25","MDDF","survey-multi-choice-vertical","53","62156","0.0-56.0-0.0","{""Q0"":""2. Alguien toca accidentalmente un cadáver.¿En qué medida esto le parece inadecuado o adecuado?""}","{""Q0"":""Medianamente inadecuado""}",""
"","897","MDDF_26","MDDF","survey-multi-choice-vertical","54","63055","0.0-57.0-0.0","{""Q0"":""2. Alguien toca accidentalmente un cadáver.¿Usted considera que en esta situación alguien ha sufrido un daño?""}","{""Q0"":"" No""}",""
"","1447","MDDF_28","MDDF","survey-multi-choice-vertical","55","64507","0.0-59.0-0.0","{""Q0"":""3. Un hombre camina descalzo por el césped y pisa caca de perro fresca.¿En qué medida esto le parece inadecuado o adecuado?""}","{""Q0"":""Medianamente inadecuado""}",""
"","926","MDDF_29","MDDF","survey-multi-choice-vertical","56","65435","0.0-60.0-0.0","{""Q0"":""3. Un hombre camina descalzo por el césped y pisa caca de perro fresca.¿Usted considera que en esta situación alguien ha sufrido un daño?""}","{""Q0"":"" No""}",""
"","1486","MDDF_31","MDDF","survey-multi-choice-vertical","57","66926","0.0-62.0-0.0","{""Q0"":""4. La mano de una persona está cubierta de sangre luego de cortarse un dedo accidentalmente.¿En qué medida esto le parece inadecuado o adecuado?""}","{""Q0"":""Altamente adecuado""}",""
"","932","MDDF_32","MDDF","survey-multi-choice-vertical","58","67860","0.0-63.0-0.0","{""Q0"":""4. La mano de una persona está cubierta de sangre luego de cortarse un dedo accidentalmente.¿Usted considera que en esta situación alguien ha sufrido un daño?""}","{""Q0"":"" No""}",""
"","1460","MDDF_34","MDDF","survey-multi-choice-vertical","59","69325","0.0-65.0-0.0","{""Q0"":""5. Una mujer bebió un vaso de agua que contenía la saliva de otra persona.¿En qué medida esto le parece inadecuado o adecuado?""}","{""Q0"":""Poco inadecuado""}",""
"","974","MDDF_35","MDDF","survey-multi-choice-vertical","60","70300","0.0-66.0-0.0","{""Q0"":""5. Una mujer bebió un vaso de agua que contenía la saliva de otra persona.¿Usted considera que en esta situación alguien ha sufrido un daño?""}","{""Q0"":"" No""}",""
"","1538","MDDF_37","MDDF","survey-multi-choice-vertical","61","71843","0.0-68.0-0.0","{""Q0"":""6. Una persona accidentalmente estornuda sobre otros pasajeros del tren.¿En qué medida esto le parece inadecuado o adecuado?""}","{""Q0"":""Altamente adecuado""}",""
"","941","MDDF_38","MDDF","survey-multi-choice-vertical","62","72787","0.0-69.0-0.0","{""Q0"":""6. Una persona accidentalmente estornuda sobre otros pasajeros del tren.¿Usted considera que en esta situación alguien ha sufrido un daño?""}","{""Q0"":"" No""}",""
"","1616","MDDF_40","MDDF","survey-multi-choice-vertical","63","74407","0.0-71.0-0.0","{""Q0"":""7. Una mujer no lava sus manos después de usar el baño.¿En qué medida esto le parece inadecuado o adecuado?""}","{""Q0"":""Medianamente inadecuado""}",""
"","991","MDDF_41","MDDF","survey-multi-choice-vertical","64","75402","0.0-72.0-0.0","{""Q0"":""7. Una mujer no lava sus manos después de usar el baño.¿Usted considera que en esta situación alguien ha sufrido un daño?""}","{""Q0"":"" Si""}",""
"","897.2000000029802","MDDF_42","MDDF","html-slider-response","65","76301","0.0-73.0-0.0-0.0","<div class='justified'>7. Una mujer no lava sus manos después de usar el baño.</p><p>Si usted considera que alguien sufrió un daño en esta situación, ¿Que tanto daño cree usted que sufrió? </p></div></br>","7","4"
"[{""page_index"":0,""viewing_time"":610}]","610","Instructions_04","MDDF","instructions","66","76912","0.0-74.0-0.0","","",""
"","1570","MDDF_43","MDDF","survey-multi-choice-vertical","67","78486","0.0-75.0-0.0","{""Q0"":""1. Un hombre toma el tren para ir al trabajo.¿En qué medida esto le parece inadecuado o adecuado?""}","{""Q0"":""Un poco adecuado""}",""
"","927","MDDF_44","MDDF","survey-multi-choice-vertical","68","79415","0.0-76.0-0.0","{""Q0"":""1. Un hombre toma el tren para ir al trabajo.¿Usted considera que en esta situación alguien ha sufrido un daño?""}","{""Q0"":"" No""}",""
"","1497","MDDF_46","MDDF","survey-multi-choice-vertical","69","80920","0.0-78.0-0.0","{""Q0"":""2. Una mujer va a un restaurante a cenar.¿En qué medida esto le parece inadecuado o adecuado?""}","{""Q0"":""Altamente adecuado""}",""
"","960","MDDF_47","MDDF","survey-multi-choice-vertical","70","81883","0.0-79.0-0.0","{""Q0"":""2. Una mujer va a un restaurante a cenar.¿Usted considera que en esta situación alguien ha sufrido un daño?""}","{""Q0"":"" No""}",""
"","1535","MDDF_49","MDDF","survey-multi-choice-vertical","71","83422","0.0-81.0-0.0","{""Q0"":""3. Una persona va a la tienda a comprar comestibles.¿En qué medida esto le parece inadecuado o adecuado?""}","{""Q0"":""Poco inadecuado""}",""
"","981","MDDF_50","MDDF","survey-multi-choice-vertical","72","84405","0.0-82.0-0.0","{""Q0"":""3. Una persona va a la tienda a comprar comestibles.¿Usted considera que en esta situación alguien ha sufrido un daño?""}","{""Q0"":"" No""}",""
"","1614","MDDF_52","MDDF","survey-multi-choice-vertical","73","86025","0.0-84.0-0.0","{""Q0"":""4. Una persona toma el bus hacia la ciudad el fin de semana.¿En qué medida esto le parece inadecuado o adecuado?""}","{""Q0"":""Un poco adecuado""}",""
"","993","MDDF_53","MDDF","survey-multi-choice-vertical","74","87021","0.0-85.0-0.0","{""Q0"":""4. Una persona toma el bus hacia la ciudad el fin de semana.¿Usted considera que en esta situación alguien ha sufrido un daño?""}","{""Q0"":"" No""}",""
"","1467","MDDF_55","MDDF","survey-multi-choice-vertical","75","88492","0.0-87.0-0.0","{""Q0"":""5. Una persona tiende su cama en la mañana.¿En qué medida esto le parece inadecuado o adecuado?""}","{""Q0"":""Medianamente adecuado""}",""
"","880","MDDF_56","MDDF","survey-multi-choice-vertical","76","89375","0.0-88.0-0.0","{""Q0"":""5. Una persona tiende su cama en la mañana.¿Usted considera que en esta situación alguien ha sufrido un daño?""}","{""Q0"":"" No""}",""
"","1310","MDDF_58","MDDF","survey-multi-choice-vertical","77","90690","0.0-90.0-0.0","{""Q0"":""6. Una persona toma el ascensor para ir al último piso de un edificio.¿En qué medida esto le parece inadecuado o adecuado?""}","{""Q0"":""Altamente adecuado""}",""
"","814","MDDF_59","MDDF","survey-multi-choice-vertical","78","91505","0.0-91.0-0.0","{""Q0"":""6. Una persona toma el ascensor para ir al último piso de un edificio.¿Usted considera que en esta situación alguien ha sufrido un daño?""}","{""Q0"":"" Si""}",""
"","773.5","MDDF_60","MDDF","html-slider-response","79","92280","0.0-92.0-0.0-0.0","<div class='justified'>6. Una persona toma el ascensor para ir al último piso de un edificio.</p><p>Si usted considera que alguien sufrió un daño en esta situación, ¿Que tanto daño cree usted que sufrió? </p></div></br>","6","4"
"","1292","MDDF_61","MDDF","survey-multi-choice-vertical","80","93575","0.0-93.0-0.0","{""Q0"":""7. Una persona come una manzana al desayuno.¿En qué medida esto le parece inadecuado o adecuado?""}","{""Q0"":""Medianamente adecuado""}",""
"","617","MDDF_62","MDDF","survey-multi-choice-vertical","81","94194","0.0-94.0-0.0","{""Q0"":""7. Una persona come una manzana al desayuno.¿Usted considera que en esta situación alguien ha sufrido un daño?""}","{""Q0"":"" Si""}",""
"","621.1000000089407","MDDF_63","MDDF","html-slider-response","82","94816","0.0-95.0-0.0-0.0","<div class='justified'>7. Una persona come una manzana al desayuno.</p><p>Si usted considera que alguien sufrió un daño en esta situación, ¿Que tanto daño cree usted que sufrió? </p></div></br>","6","4"
