"view_history","rt","trialid","procedure","trial_type","trial_index","time_elapsed","internal_node_id","stimulus","response","slider_start"
"[{""page_index"":0,""viewing_time"":734}]","734","Instructions_01","MDDF","instructions","27","33786","0.0-29.0-0.0","","",""
"","1969","MDDF_01","MDDF","survey-multi-choice-vertical","28","35764","0.0-30.0-0.0","{""Q0"":""1. A un hombre joven le gusta escuchar a sus vecinos ancianos teniendo relaciones sexuales.¿En qué medida esto le parece inadecuado o adecuado?""}","{""Q0"":""Medianamente inadecuado""}",""
"","1007","MDDF_02","MDDF","survey-multi-choice-vertical","29","36773","0.0-31.0-0.0","{""Q0"":""1. A un hombre joven le gusta escuchar a sus vecinos ancianos teniendo relaciones sexuales.¿Usted considera que en esta situación alguien ha sufrido un daño?""}","{""Q0"":"" Si""}",""
"","934","MDDF_03","MDDF","html-slider-response","30","37709","0.0-32.0-0.0-0.0","<div class='justified'>1. A un hombre joven le gusta escuchar a sus vecinos ancianos teniendo relaciones sexuales.</p><p>Si usted considera que alguien sufrió un daño en esta situación, ¿Que tanto daño cree usted que sufrió? </p></div></br>","3","4"
"","1780","MDDF_04","MDDF","survey-multi-choice-vertical","31","39494","0.0-33.0-0.0","{""Q0"":""2. Una pareja de hermanos están de acuerdo en tener sexo protegido.¿En qué medida esto le parece inadecuado o adecuado?""}","{""Q0"":""Un poco adecuado""}",""
"","950","MDDF_05","MDDF","survey-multi-choice-vertical","32","40445","0.0-34.0-0.0","{""Q0"":""2. Una pareja de hermanos están de acuerdo en tener sexo protegido.¿Usted considera que en esta situación alguien ha sufrido un daño?""}","{""Q0"":"" Si""}",""
"","874.2000000029802","MDDF_06","MDDF","html-slider-response","33","41322","0.0-35.0-0.0-0.0","<div class='justified'>2. Una pareja de hermanos están de acuerdo en tener sexo protegido.</p><p>Si usted considera que alguien sufrió un daño en esta situación, ¿Que tanto daño cree usted que sufrió? </p></div></br>","1","4"
"[{""page_index"":0,""viewing_time"":554}]","554","Instructions_02","MDDF","instructions","34","41877","0.0-36.0-0.0","","",""
"","1512","MDDF_07","MDDF","survey-multi-choice-vertical","35","43394","0.0-37.0-0.0","{""Q0"":""1. Una mujer va deliberadamente a trabajar cuando tiene gripe/influenza.¿En qué medida esto le parece inadecuado o adecuado?""}","{""Q0"":""Sin opinion""}",""
"","909","MDDF_08","MDDF","survey-multi-choice-vertical","36","44305","0.0-38.0-0.0","{""Q0"":""1. Una mujer va deliberadamente a trabajar cuando tiene gripe/influenza.¿Usted considera que en esta situación alguien ha sufrido un daño?""}","{""Q0"":"" Si""}",""
"","843.5999999940395","MDDF_09","MDDF","html-slider-response","37","45150","0.0-39.0-0.0-0.0","<div class='justified'>1. Una mujer va deliberadamente a trabajar cuando tiene gripe/influenza.</p><p>Si usted considera que alguien sufrió un daño en esta situación, ¿Que tanto daño cree usted que sufrió? </p></div></br>","2","4"
"","1476","MDDF_10","MDDF","survey-multi-choice-vertical","38","46631","0.0-40.0-0.0","{""Q0"":""2. El dueño de un hotel no fumigará las camas infestadas de insectos porque es muy caro.¿En qué medida esto le parece inadecuado o adecuado?""}","{""Q0"":""Altamente adecuado""}",""
"","992","MDDF_11","MDDF","survey-multi-choice-vertical","39","47627","0.0-41.0-0.0","{""Q0"":""2. El dueño de un hotel no fumigará las camas infestadas de insectos porque es muy caro.¿Usted considera que en esta situación alguien ha sufrido un daño?""}","{""Q0"":"" No""}",""
"","1488","MDDF_13","MDDF","survey-multi-choice-vertical","40","49121","0.0-43.0-0.0","{""Q0"":""3. Un hombre no se molesta en lavarse las manos antes de preparar el biberón de su bebé.¿En qué medida esto le parece inadecuado o adecuado?""}","{""Q0"":""Poco inadecuado""}",""
"","948","MDDF_14","MDDF","survey-multi-choice-vertical","41","50071","0.0-44.0-0.0","{""Q0"":""3. Un hombre no se molesta en lavarse las manos antes de preparar el biberón de su bebé.¿Usted considera que en esta situación alguien ha sufrido un daño?""}","{""Q0"":"" No""}",""
"","1511","MDDF_16","MDDF","survey-multi-choice-vertical","42","51587","0.0-46.0-0.0","{""Q0"":""4. Un hombre orina intencionalmente en el piso del baño.¿En qué medida esto le parece inadecuado o adecuado?""}","{""Q0"":""Medianamente inadecuado""}",""
"","945","MDDF_17","MDDF","survey-multi-choice-vertical","43","52534","0.0-47.0-0.0","{""Q0"":""4. Un hombre orina intencionalmente en el piso del baño.¿Usted considera que en esta situación alguien ha sufrido un daño?""}","{""Q0"":"" No""}",""
"","1458","MDDF_19","MDDF","survey-multi-choice-vertical","44","53996","0.0-49.0-0.0","{""Q0"":""5. Alguien deja una rata muerta en la cocina de su vecino.¿En qué medida esto le parece inadecuado o adecuado?""}","{""Q0"":""Medianamente inadecuado""}",""
"","934","MDDF_20","MDDF","survey-multi-choice-vertical","45","54933","0.0-50.0-0.0","{""Q0"":""5. Alguien deja una rata muerta en la cocina de su vecino.¿Usted considera que en esta situación alguien ha sufrido un daño?""}","{""Q0"":"" No""}",""
"[{""page_index"":0,""viewing_time"":579}]","579","Instructions_03","MDDF","instructions","46","55513","0.0-52.0-0.0","","",""
"","1487","MDDF_22","MDDF","survey-multi-choice-vertical","47","57005","0.0-53.0-0.0","{""Q0"":""1. Alguien toma un vaso de leche mientras se da cuenta que huele rancia.¿En qué medida esto le parece inadecuado o adecuado?""}","{""Q0"":""Medianamente adecuado""}",""
"","955","MDDF_23","MDDF","survey-multi-choice-vertical","48","57963","0.0-54.0-0.0","{""Q0"":""1. Alguien toma un vaso de leche mientras se da cuenta que huele rancia.¿Usted considera que en esta situación alguien ha sufrido un daño?""}","{""Q0"":"" No""}",""
"","1502","MDDF_25","MDDF","survey-multi-choice-vertical","49","59469","0.0-56.0-0.0","{""Q0"":""2. Alguien toca accidentalmente un cadáver.¿En qué medida esto le parece inadecuado o adecuado?""}","{""Q0"":""Medianamente adecuado""}",""
"","922","MDDF_26","MDDF","survey-multi-choice-vertical","50","60394","0.0-57.0-0.0","{""Q0"":""2. Alguien toca accidentalmente un cadáver.¿Usted considera que en esta situación alguien ha sufrido un daño?""}","{""Q0"":"" No""}",""
"","1439","MDDF_28","MDDF","survey-multi-choice-vertical","51","61837","0.0-59.0-0.0","{""Q0"":""3. Un hombre camina descalzo por el césped y pisa caca de perro fresca.¿En qué medida esto le parece inadecuado o adecuado?""}","{""Q0"":""Medianamente adecuado""}",""
"","939","MDDF_29","MDDF","survey-multi-choice-vertical","52","62779","0.0-60.0-0.0","{""Q0"":""3. Un hombre camina descalzo por el césped y pisa caca de perro fresca.¿Usted considera que en esta situación alguien ha sufrido un daño?""}","{""Q0"":"" Si""}",""
"","857.2999999970198","MDDF_30","MDDF","html-slider-response","53","63637","0.0-61.0-0.0-0.0","<div class='justified'>3. Un hombre camina descalzo por el césped y pisa caca de perro fresca.</p><p>Si usted considera que alguien sufrió un daño en esta situación, ¿Que tanto daño cree usted que sufrió? </p></div></br>","4","4"
"","1460","MDDF_31","MDDF","survey-multi-choice-vertical","54","65102","0.0-62.0-0.0","{""Q0"":""4. La mano de una persona está cubierta de sangre luego de cortarse un dedo accidentalmente.¿En qué medida esto le parece inadecuado o adecuado?""}","{""Q0"":""Poco inadecuado""}",""
"","909","MDDF_32","MDDF","survey-multi-choice-vertical","55","66012","0.0-63.0-0.0","{""Q0"":""4. La mano de una persona está cubierta de sangre luego de cortarse un dedo accidentalmente.¿Usted considera que en esta situación alguien ha sufrido un daño?""}","{""Q0"":"" No""}",""
"","1474","MDDF_34","MDDF","survey-multi-choice-vertical","56","67490","0.0-65.0-0.0","{""Q0"":""5. Una mujer bebió un vaso de agua que contenía la saliva de otra persona.¿En qué medida esto le parece inadecuado o adecuado?""}","{""Q0"":""Altamente adecuado""}",""
"","965","MDDF_35","MDDF","survey-multi-choice-vertical","57","68457","0.0-66.0-0.0","{""Q0"":""5. Una mujer bebió un vaso de agua que contenía la saliva de otra persona.¿Usted considera que en esta situación alguien ha sufrido un daño?""}","{""Q0"":"" No""}",""
"","1467","MDDF_37","MDDF","survey-multi-choice-vertical","58","69928","0.0-68.0-0.0","{""Q0"":""6. Una persona accidentalmente estornuda sobre otros pasajeros del tren.¿En qué medida esto le parece inadecuado o adecuado?""}","{""Q0"":""Medianamente inadecuado""}",""
"","922","MDDF_38","MDDF","survey-multi-choice-vertical","59","70852","0.0-69.0-0.0","{""Q0"":""6. Una persona accidentalmente estornuda sobre otros pasajeros del tren.¿Usted considera que en esta situación alguien ha sufrido un daño?""}","{""Q0"":"" Si""}",""
"","865.5","MDDF_39","MDDF","html-slider-response","60","71719","0.0-70.0-0.0-0.0","<div class='justified'>6. Una persona accidentalmente estornuda sobre otros pasajeros del tren.</p><p>Si usted considera que alguien sufrió un daño en esta situación, ¿Que tanto daño cree usted que sufrió? </p></div></br>","7","4"
"","1493","MDDF_40","MDDF","survey-multi-choice-vertical","61","73216","0.0-71.0-0.0","{""Q0"":""7. Una mujer no lava sus manos después de usar el baño.¿En qué medida esto le parece inadecuado o adecuado?""}","{""Q0"":""Medianamente inadecuado""}",""
"","948","MDDF_41","MDDF","survey-multi-choice-vertical","62","74167","0.0-72.0-0.0","{""Q0"":""7. Una mujer no lava sus manos después de usar el baño.¿Usted considera que en esta situación alguien ha sufrido un daño?""}","{""Q0"":"" Si""}",""
"","848.0999999940395","MDDF_42","MDDF","html-slider-response","63","75017","0.0-73.0-0.0-0.0","<div class='justified'>7. Una mujer no lava sus manos después de usar el baño.</p><p>Si usted considera que alguien sufrió un daño en esta situación, ¿Que tanto daño cree usted que sufrió? </p></div></br>","6","4"
"[{""page_index"":0,""viewing_time"":647}]","648","Instructions_04","MDDF","instructions","64","75665","0.0-74.0-0.0","","",""
"","1562","MDDF_43","MDDF","survey-multi-choice-vertical","65","77231","0.0-75.0-0.0","{""Q0"":""1. Un hombre toma el tren para ir al trabajo.¿En qué medida esto le parece inadecuado o adecuado?""}","{""Q0"":""Altamente adecuado""}",""
"","938","MDDF_44","MDDF","survey-multi-choice-vertical","66","78171","0.0-76.0-0.0","{""Q0"":""1. Un hombre toma el tren para ir al trabajo.¿Usted considera que en esta situación alguien ha sufrido un daño?""}","{""Q0"":"" No""}",""
"","1612","MDDF_46","MDDF","survey-multi-choice-vertical","67","79788","0.0-78.0-0.0","{""Q0"":""2. Una mujer va a un restaurante a cenar.¿En qué medida esto le parece inadecuado o adecuado?""}","{""Q0"":""Medianamente inadecuado""}",""
"","968","MDDF_47","MDDF","survey-multi-choice-vertical","68","80758","0.0-79.0-0.0","{""Q0"":""2. Una mujer va a un restaurante a cenar.¿Usted considera que en esta situación alguien ha sufrido un daño?""}","{""Q0"":"" Si""}",""
"","904.5","MDDF_48","MDDF","html-slider-response","69","81667","0.0-80.0-0.0-0.0","<div class='justified'>2. Una mujer va a un restaurante a cenar.</p><p>Si usted considera que alguien sufrió un daño en esta situación, ¿Que tanto daño cree usted que sufrió? </p></div></br>","7","4"
"","1555","MDDF_49","MDDF","survey-multi-choice-vertical","70","83227","0.0-81.0-0.0","{""Q0"":""3. Una persona va a la tienda a comprar comestibles.¿En qué medida esto le parece inadecuado o adecuado?""}","{""Q0"":""Medianamente inadecuado""}",""
"","1019","MDDF_50","MDDF","survey-multi-choice-vertical","71","84248","0.0-82.0-0.0","{""Q0"":""3. Una persona va a la tienda a comprar comestibles.¿Usted considera que en esta situación alguien ha sufrido un daño?""}","{""Q0"":"" Si""}",""
"","821.1999999880791","MDDF_51","MDDF","html-slider-response","72","85071","0.0-83.0-0.0-0.0","<div class='justified'>3. Una persona va a la tienda a comprar comestibles.</p><p>Si usted considera que alguien sufrió un daño en esta situación, ¿Que tanto daño cree usted que sufrió? </p></div></br>","6","4"
"","1473","MDDF_52","MDDF","survey-multi-choice-vertical","73","86547","0.0-84.0-0.0","{""Q0"":""4. Una persona toma el bus hacia la ciudad el fin de semana.¿En qué medida esto le parece inadecuado o adecuado?""}","{""Q0"":""Muy inadecuado""}",""
"","962","MDDF_53","MDDF","survey-multi-choice-vertical","74","87512","0.0-85.0-0.0","{""Q0"":""4. Una persona toma el bus hacia la ciudad el fin de semana.¿Usted considera que en esta situación alguien ha sufrido un daño?""}","{""Q0"":"" No""}",""
"","1510","MDDF_55","MDDF","survey-multi-choice-vertical","75","89026","0.0-87.0-0.0","{""Q0"":""5. Una persona tiende su cama en la mañana.¿En qué medida esto le parece inadecuado o adecuado?""}","{""Q0"":""Poco inadecuado""}",""
"","1016","MDDF_56","MDDF","survey-multi-choice-vertical","76","90045","0.0-88.0-0.0","{""Q0"":""5. Una persona tiende su cama en la mañana.¿Usted considera que en esta situación alguien ha sufrido un daño?""}","{""Q0"":"" No""}",""
"","1562","MDDF_58","MDDF","survey-multi-choice-vertical","77","91612","0.0-90.0-0.0","{""Q0"":""6. Una persona toma el ascensor para ir al último piso de un edificio.¿En qué medida esto le parece inadecuado o adecuado?""}","{""Q0"":""Un poco adecuado""}",""
"","962","MDDF_59","MDDF","survey-multi-choice-vertical","78","92576","0.0-91.0-0.0","{""Q0"":""6. Una persona toma el ascensor para ir al último piso de un edificio.¿Usted considera que en esta situación alguien ha sufrido un daño?""}","{""Q0"":"" No""}",""
"","1372","MDDF_61","MDDF","survey-multi-choice-vertical","79","93953","0.0-93.0-0.0","{""Q0"":""7. Una persona come una manzana al desayuno.¿En qué medida esto le parece inadecuado o adecuado?""}","{""Q0"":""Medianamente adecuado""}",""
"","915","MDDF_62","MDDF","survey-multi-choice-vertical","80","94870","0.0-94.0-0.0","{""Q0"":""7. Una persona come una manzana al desayuno.¿Usted considera que en esta situación alguien ha sufrido un daño?""}","{""Q0"":"" No""}",""
