"view_history","rt","trialid","procedure","trial_type","trial_index","time_elapsed","internal_node_id","stimulus","response","slider_start"
"[{""page_index"":0,""viewing_time"":723}]","724","Instructions_01","MDDF","instructions","27","34102","0.0-29.0-0.0","","",""
"","1751","MDDF_01","MDDF","survey-multi-choice-vertical","28","35857","0.0-30.0-0.0","{""Q0"":""1. A un hombre joven le gusta escuchar a sus vecinos ancianos teniendo relaciones sexuales.¿En qué medida esto le parece inadecuado o adecuado?""}","{""Q0"":""Un poco adecuado""}",""
"","1041","MDDF_02","MDDF","survey-multi-choice-vertical","29","36900","0.0-31.0-0.0","{""Q0"":""1. A un hombre joven le gusta escuchar a sus vecinos ancianos teniendo relaciones sexuales.¿Usted considera que en esta situación alguien ha sufrido un daño?""}","{""Q0"":"" Si""}",""
"","983.9000000059605","MDDF_03","MDDF","html-slider-response","30","37887","0.0-32.0-0.0-0.0","<div class='justified'>1. A un hombre joven le gusta escuchar a sus vecinos ancianos teniendo relaciones sexuales.</p><p>Si usted considera que alguien sufrió un daño en esta situación, ¿Que tanto daño cree usted que sufrió? </p></div></br>","7","4"
"","1639","MDDF_04","MDDF","survey-multi-choice-vertical","31","39531","0.0-33.0-0.0","{""Q0"":""2. Una pareja de hermanos están de acuerdo en tener sexo protegido.¿En qué medida esto le parece inadecuado o adecuado?""}","{""Q0"":""Poco inadecuado""}",""
"","949","MDDF_05","MDDF","survey-multi-choice-vertical","32","40481","0.0-34.0-0.0","{""Q0"":""2. Una pareja de hermanos están de acuerdo en tener sexo protegido.¿Usted considera que en esta situación alguien ha sufrido un daño?""}","{""Q0"":"" No""}",""
"[{""page_index"":0,""viewing_time"":558}]","558","Instructions_02","MDDF","instructions","33","41041","0.0-36.0-0.0","","",""
"","1452","MDDF_07","MDDF","survey-multi-choice-vertical","34","42496","0.0-37.0-0.0","{""Q0"":""1. Una mujer va deliberadamente a trabajar cuando tiene gripe/influenza.¿En qué medida esto le parece inadecuado o adecuado?""}","{""Q0"":""Poco inadecuado""}",""
"","936","MDDF_08","MDDF","survey-multi-choice-vertical","35","43433","0.0-38.0-0.0","{""Q0"":""1. Una mujer va deliberadamente a trabajar cuando tiene gripe/influenza.¿Usted considera que en esta situación alguien ha sufrido un daño?""}","{""Q0"":"" No""}",""
"","1448","MDDF_10","MDDF","survey-multi-choice-vertical","36","44886","0.0-40.0-0.0","{""Q0"":""2. El dueño de un hotel no fumigará las camas infestadas de insectos porque es muy caro.¿En qué medida esto le parece inadecuado o adecuado?""}","{""Q0"":""Poco inadecuado""}",""
"","981","MDDF_11","MDDF","survey-multi-choice-vertical","37","45870","0.0-41.0-0.0","{""Q0"":""2. El dueño de un hotel no fumigará las camas infestadas de insectos porque es muy caro.¿Usted considera que en esta situación alguien ha sufrido un daño?""}","{""Q0"":"" No""}",""
"","1479","MDDF_13","MDDF","survey-multi-choice-vertical","38","47354","0.0-43.0-0.0","{""Q0"":""3. Un hombre no se molesta en lavarse las manos antes de preparar el biberón de su bebé.¿En qué medida esto le parece inadecuado o adecuado?""}","{""Q0"":""Altamente adecuado""}",""
"","929","MDDF_14","MDDF","survey-multi-choice-vertical","39","48286","0.0-44.0-0.0","{""Q0"":""3. Un hombre no se molesta en lavarse las manos antes de preparar el biberón de su bebé.¿Usted considera que en esta situación alguien ha sufrido un daño?""}","{""Q0"":"" No""}",""
"","1455","MDDF_16","MDDF","survey-multi-choice-vertical","40","49750","0.0-46.0-0.0","{""Q0"":""4. Un hombre orina intencionalmente en el piso del baño.¿En qué medida esto le parece inadecuado o adecuado?""}","{""Q0"":""Un poco adecuado""}",""
"","1010","MDDF_17","MDDF","survey-multi-choice-vertical","41","50761","0.0-47.0-0.0","{""Q0"":""4. Un hombre orina intencionalmente en el piso del baño.¿Usted considera que en esta situación alguien ha sufrido un daño?""}","{""Q0"":"" Si""}",""
"","870.5999999940395","MDDF_18","MDDF","html-slider-response","42","51633","0.0-48.0-0.0-0.0","<div class='justified'>4. Un hombre orina intencionalmente en el piso del baño.</p><p>Si usted considera que alguien sufrió un daño en esta situación, ¿Que tanto daño cree usted que sufrió? </p></div></br>","1","4"
"","1484","MDDF_19","MDDF","survey-multi-choice-vertical","43","53122","0.0-49.0-0.0","{""Q0"":""5. Alguien deja una rata muerta en la cocina de su vecino.¿En qué medida esto le parece inadecuado o adecuado?""}","{""Q0"":""Sin opinion""}",""
"","955","MDDF_20","MDDF","survey-multi-choice-vertical","44","54078","0.0-50.0-0.0","{""Q0"":""5. Alguien deja una rata muerta en la cocina de su vecino.¿Usted considera que en esta situación alguien ha sufrido un daño?""}","{""Q0"":"" Si""}",""
"","810.0999999940395","MDDF_21","MDDF","html-slider-response","45","54890","0.0-51.0-0.0-0.0","<div class='justified'>5. Alguien deja una rata muerta en la cocina de su vecino.</p><p>Si usted considera que alguien sufrió un daño en esta situación, ¿Que tanto daño cree usted que sufrió? </p></div></br>","4","4"
"[{""page_index"":0,""viewing_time"":588}]","588","Instructions_03","MDDF","instructions","46","55479","0.0-52.0-0.0","","",""
"","1448","MDDF_22","MDDF","survey-multi-choice-vertical","47","56931","0.0-53.0-0.0","{""Q0"":""1. Alguien toma un vaso de leche mientras se da cuenta que huele rancia.¿En qué medida esto le parece inadecuado o adecuado?""}","{""Q0"":""Sin opinion""}",""
"","945","MDDF_23","MDDF","survey-multi-choice-vertical","48","57878","0.0-54.0-0.0","{""Q0"":""1. Alguien toma un vaso de leche mientras se da cuenta que huele rancia.¿Usted considera que en esta situación alguien ha sufrido un daño?""}","{""Q0"":"" Si""}",""
"","839.4000000059605","MDDF_24","MDDF","html-slider-response","49","58719","0.0-55.0-0.0-0.0","<div class='justified'>1. Alguien toma un vaso de leche mientras se da cuenta que huele rancia.</p><p>Si usted considera que alguien sufrió un daño en esta situación, ¿Que tanto daño cree usted que sufrió? </p></div></br>","2","4"
"","1480","MDDF_25","MDDF","survey-multi-choice-vertical","50","60202","0.0-56.0-0.0","{""Q0"":""2. Alguien toca accidentalmente un cadáver.¿En qué medida esto le parece inadecuado o adecuado?""}","{""Q0"":""Altamente adecuado""}",""
"","976","MDDF_26","MDDF","survey-multi-choice-vertical","51","61180","0.0-57.0-0.0","{""Q0"":""2. Alguien toca accidentalmente un cadáver.¿Usted considera que en esta situación alguien ha sufrido un daño?""}","{""Q0"":"" No""}",""
"","1508","MDDF_28","MDDF","survey-multi-choice-vertical","52","62693","0.0-59.0-0.0","{""Q0"":""3. Un hombre camina descalzo por el césped y pisa caca de perro fresca.¿En qué medida esto le parece inadecuado o adecuado?""}","{""Q0"":""Poco inadecuado""}",""
"","925","MDDF_29","MDDF","survey-multi-choice-vertical","53","63621","0.0-60.0-0.0","{""Q0"":""3. Un hombre camina descalzo por el césped y pisa caca de perro fresca.¿Usted considera que en esta situación alguien ha sufrido un daño?""}","{""Q0"":"" No""}",""
"","1506","MDDF_31","MDDF","survey-multi-choice-vertical","54","65132","0.0-62.0-0.0","{""Q0"":""4. La mano de una persona está cubierta de sangre luego de cortarse un dedo accidentalmente.¿En qué medida esto le parece inadecuado o adecuado?""}","{""Q0"":""Medianamente inadecuado""}",""
"","942","MDDF_32","MDDF","survey-multi-choice-vertical","55","66076","0.0-63.0-0.0","{""Q0"":""4. La mano de una persona está cubierta de sangre luego de cortarse un dedo accidentalmente.¿Usted considera que en esta situación alguien ha sufrido un daño?""}","{""Q0"":"" No""}",""
"","1485","MDDF_34","MDDF","survey-multi-choice-vertical","56","67566","0.0-65.0-0.0","{""Q0"":""5. Una mujer bebió un vaso de agua que contenía la saliva de otra persona.¿En qué medida esto le parece inadecuado o adecuado?""}","{""Q0"":""Medianamente inadecuado""}",""
"","920","MDDF_35","MDDF","survey-multi-choice-vertical","57","68488","0.0-66.0-0.0","{""Q0"":""5. Una mujer bebió un vaso de agua que contenía la saliva de otra persona.¿Usted considera que en esta situación alguien ha sufrido un daño?""}","{""Q0"":"" No""}",""
"","1445","MDDF_37","MDDF","survey-multi-choice-vertical","58","69937","0.0-68.0-0.0","{""Q0"":""6. Una persona accidentalmente estornuda sobre otros pasajeros del tren.¿En qué medida esto le parece inadecuado o adecuado?""}","{""Q0"":""Altamente adecuado""}",""
"","957","MDDF_38","MDDF","survey-multi-choice-vertical","59","70897","0.0-69.0-0.0","{""Q0"":""6. Una persona accidentalmente estornuda sobre otros pasajeros del tren.¿Usted considera que en esta situación alguien ha sufrido un daño?""}","{""Q0"":"" No""}",""
"","1464","MDDF_40","MDDF","survey-multi-choice-vertical","60","72365","0.0-71.0-0.0","{""Q0"":""7. Una mujer no lava sus manos después de usar el baño.¿En qué medida esto le parece inadecuado o adecuado?""}","{""Q0"":""Poco inadecuado""}",""
"","924","MDDF_41","MDDF","survey-multi-choice-vertical","61","73293","0.0-72.0-0.0","{""Q0"":""7. Una mujer no lava sus manos después de usar el baño.¿Usted considera que en esta situación alguien ha sufrido un daño?""}","{""Q0"":"" No""}",""
"[{""page_index"":0,""viewing_time"":627}]","627","Instructions_04","MDDF","instructions","62","73920","0.0-74.0-0.0","","",""
"","1619","MDDF_43","MDDF","survey-multi-choice-vertical","63","75545","0.0-75.0-0.0","{""Q0"":""1. Un hombre toma el tren para ir al trabajo.¿En qué medida esto le parece inadecuado o adecuado?""}","{""Q0"":""Medianamente adecuado""}",""
"","946","MDDF_44","MDDF","survey-multi-choice-vertical","64","76492","0.0-76.0-0.0","{""Q0"":""1. Un hombre toma el tren para ir al trabajo.¿Usted considera que en esta situación alguien ha sufrido un daño?""}","{""Q0"":"" No""}",""
"","1501","MDDF_46","MDDF","survey-multi-choice-vertical","65","77997","0.0-78.0-0.0","{""Q0"":""2. Una mujer va a un restaurante a cenar.¿En qué medida esto le parece inadecuado o adecuado?""}","{""Q0"":""Medianamente adecuado""}",""
"","1048","MDDF_47","MDDF","survey-multi-choice-vertical","66","79047","0.0-79.0-0.0","{""Q0"":""2. Una mujer va a un restaurante a cenar.¿Usted considera que en esta situación alguien ha sufrido un daño?""}","{""Q0"":"" Si""}",""
"","933.8000000119209","MDDF_48","MDDF","html-slider-response","67","79982","0.0-80.0-0.0-0.0","<div class='justified'>2. Una mujer va a un restaurante a cenar.</p><p>Si usted considera que alguien sufrió un daño en esta situación, ¿Que tanto daño cree usted que sufrió? </p></div></br>","4","4"
"","1536","MDDF_49","MDDF","survey-multi-choice-vertical","68","81522","0.0-81.0-0.0","{""Q0"":""3. Una persona va a la tienda a comprar comestibles.¿En qué medida esto le parece inadecuado o adecuado?""}","{""Q0"":""Poco inadecuado""}",""
"","1024","MDDF_50","MDDF","survey-multi-choice-vertical","69","82553","0.0-82.0-0.0","{""Q0"":""3. Una persona va a la tienda a comprar comestibles.¿Usted considera que en esta situación alguien ha sufrido un daño?""}","{""Q0"":"" No""}",""
"","1530","MDDF_52","MDDF","survey-multi-choice-vertical","70","84088","0.0-84.0-0.0","{""Q0"":""4. Una persona toma el bus hacia la ciudad el fin de semana.¿En qué medida esto le parece inadecuado o adecuado?""}","{""Q0"":""Altamente adecuado""}",""
"","938","MDDF_53","MDDF","survey-multi-choice-vertical","71","85029","0.0-85.0-0.0","{""Q0"":""4. Una persona toma el bus hacia la ciudad el fin de semana.¿Usted considera que en esta situación alguien ha sufrido un daño?""}","{""Q0"":"" No""}",""
"","1515","MDDF_55","MDDF","survey-multi-choice-vertical","72","86548","0.0-87.0-0.0","{""Q0"":""5. Una persona tiende su cama en la mañana.¿En qué medida esto le parece inadecuado o adecuado?""}","{""Q0"":""Medianamente inadecuado""}",""
"","967","MDDF_56","MDDF","survey-multi-choice-vertical","73","87519","0.0-88.0-0.0","{""Q0"":""5. Una persona tiende su cama en la mañana.¿Usted considera que en esta situación alguien ha sufrido un daño?""}","{""Q0"":"" Si""}",""
"","902.5","MDDF_57","MDDF","html-slider-response","74","88423","0.0-89.0-0.0-0.0","<div class='justified'>5. Una persona tiende su cama en la mañana.</p><p>Si usted considera que alguien sufrió un daño en esta situación, ¿Que tanto daño cree usted que sufrió? </p></div></br>","7","4"
"","1624","MDDF_58","MDDF","survey-multi-choice-vertical","75","90051","0.0-90.0-0.0","{""Q0"":""6. Una persona toma el ascensor para ir al último piso de un edificio.¿En qué medida esto le parece inadecuado o adecuado?""}","{""Q0"":""Medianamente inadecuado""}",""
"","1000","MDDF_59","MDDF","survey-multi-choice-vertical","76","91056","0.0-91.0-0.0","{""Q0"":""6. Una persona toma el ascensor para ir al último piso de un edificio.¿Usted considera que en esta situación alguien ha sufrido un daño?""}","{""Q0"":"" Si""}",""
"","865.3000000119209","MDDF_60","MDDF","html-slider-response","77","91923","0.0-92.0-0.0-0.0","<div class='justified'>6. Una persona toma el ascensor para ir al último piso de un edificio.</p><p>Si usted considera que alguien sufrió un daño en esta situación, ¿Que tanto daño cree usted que sufrió? </p></div></br>","6","4"
"","1277","MDDF_61","MDDF","survey-multi-choice-vertical","78","93204","0.0-93.0-0.0","{""Q0"":""7. Una persona come una manzana al desayuno.¿En qué medida esto le parece inadecuado o adecuado?""}","{""Q0"":""Muy inadecuado""}",""
"","883","MDDF_62","MDDF","survey-multi-choice-vertical","79","94090","0.0-94.0-0.0","{""Q0"":""7. Una persona come una manzana al desayuno.¿Usted considera que en esta situación alguien ha sufrido un daño?""}","{""Q0"":"" No""}",""
