"view_history","rt","trialid","procedure","trial_type","trial_index","time_elapsed","internal_node_id","stimulus","response","slider_start"
"[{""page_index"":0,""viewing_time"":754}]","754","Instructions_01","MDDF","instructions","27","33318","0.0-29.0-0.0","","",""
"","1756","MDDF_01","MDDF","survey-multi-choice-vertical","28","35082","0.0-30.0-0.0","{""Q0"":""1. A un hombre joven le gusta escuchar a sus vecinos ancianos teniendo relaciones sexuales.¿En qué medida esto le parece inadecuado o adecuado?""}","{""Q0"":""Muy inadecuado""}",""
"","1173","MDDF_02","MDDF","survey-multi-choice-vertical","29","36259","0.0-31.0-0.0","{""Q0"":""1. A un hombre joven le gusta escuchar a sus vecinos ancianos teniendo relaciones sexuales.¿Usted considera que en esta situación alguien ha sufrido un daño?""}","{""Q0"":"" No""}",""
"","1932","MDDF_04","MDDF","survey-multi-choice-vertical","30","38197","0.0-33.0-0.0","{""Q0"":""2. Una pareja de hermanos están de acuerdo en tener sexo protegido.¿En qué medida esto le parece inadecuado o adecuado?""}","{""Q0"":""Medianamente inadecuado""}",""
"","1071","MDDF_05","MDDF","survey-multi-choice-vertical","31","39271","0.0-34.0-0.0","{""Q0"":""2. Una pareja de hermanos están de acuerdo en tener sexo protegido.¿Usted considera que en esta situación alguien ha sufrido un daño?""}","{""Q0"":"" Si""}",""
"","1134.7999999970198","MDDF_06","MDDF","html-slider-response","32","40408","0.0-35.0-0.0-0.0","<div class='justified'>2. Una pareja de hermanos están de acuerdo en tener sexo protegido.</p><p>Si usted considera que alguien sufrió un daño en esta situación, ¿Que tanto daño cree usted que sufrió? </p></div></br>","6","4"
"[{""page_index"":0,""viewing_time"":597}]","597","Instructions_02","MDDF","instructions","33","41006","0.0-36.0-0.0","","",""
"","1508","MDDF_07","MDDF","survey-multi-choice-vertical","34","42518","0.0-37.0-0.0","{""Q0"":""1. Una mujer va deliberadamente a trabajar cuando tiene gripe/influenza.¿En qué medida esto le parece inadecuado o adecuado?""}","{""Q0"":""Medianamente inadecuado""}",""
"","1016","MDDF_08","MDDF","survey-multi-choice-vertical","35","43537","0.0-38.0-0.0","{""Q0"":""1. Una mujer va deliberadamente a trabajar cuando tiene gripe/influenza.¿Usted considera que en esta situación alguien ha sufrido un daño?""}","{""Q0"":"" No""}",""
"","1473","MDDF_10","MDDF","survey-multi-choice-vertical","36","45014","0.0-40.0-0.0","{""Q0"":""2. El dueño de un hotel no fumigará las camas infestadas de insectos porque es muy caro.¿En qué medida esto le parece inadecuado o adecuado?""}","{""Q0"":""Poco inadecuado""}",""
"","932","MDDF_11","MDDF","survey-multi-choice-vertical","37","45949","0.0-41.0-0.0","{""Q0"":""2. El dueño de un hotel no fumigará las camas infestadas de insectos porque es muy caro.¿Usted considera que en esta situación alguien ha sufrido un daño?""}","{""Q0"":"" No""}",""
"","1576","MDDF_13","MDDF","survey-multi-choice-vertical","38","47529","0.0-43.0-0.0","{""Q0"":""3. Un hombre no se molesta en lavarse las manos antes de preparar el biberón de su bebé.¿En qué medida esto le parece inadecuado o adecuado?""}","{""Q0"":""Medianamente adecuado""}",""
"","990","MDDF_14","MDDF","survey-multi-choice-vertical","39","48522","0.0-44.0-0.0","{""Q0"":""3. Un hombre no se molesta en lavarse las manos antes de preparar el biberón de su bebé.¿Usted considera que en esta situación alguien ha sufrido un daño?""}","{""Q0"":"" No""}",""
"","1542","MDDF_16","MDDF","survey-multi-choice-vertical","40","50073","0.0-46.0-0.0","{""Q0"":""4. Un hombre orina intencionalmente en el piso del baño.¿En qué medida esto le parece inadecuado o adecuado?""}","{""Q0"":""Un poco adecuado""}",""
"","980","MDDF_17","MDDF","survey-multi-choice-vertical","41","51055","0.0-47.0-0.0","{""Q0"":""4. Un hombre orina intencionalmente en el piso del baño.¿Usted considera que en esta situación alguien ha sufrido un daño?""}","{""Q0"":"" No""}",""
"","1650","MDDF_19","MDDF","survey-multi-choice-vertical","42","52711","0.0-49.0-0.0","{""Q0"":""5. Alguien deja una rata muerta en la cocina de su vecino.¿En qué medida esto le parece inadecuado o adecuado?""}","{""Q0"":""Altamente adecuado""}",""
"","1017","MDDF_20","MDDF","survey-multi-choice-vertical","43","53730","0.0-50.0-0.0","{""Q0"":""5. Alguien deja una rata muerta en la cocina de su vecino.¿Usted considera que en esta situación alguien ha sufrido un daño?""}","{""Q0"":"" No""}",""
"[{""page_index"":0,""viewing_time"":589}]","590","Instructions_03","MDDF","instructions","44","54321","0.0-52.0-0.0","","",""
"","1517","MDDF_22","MDDF","survey-multi-choice-vertical","45","55845","0.0-53.0-0.0","{""Q0"":""1. Alguien toma un vaso de leche mientras se da cuenta que huele rancia.¿En qué medida esto le parece inadecuado o adecuado?""}","{""Q0"":""Poco inadecuado""}",""
"","947","MDDF_23","MDDF","survey-multi-choice-vertical","46","56794","0.0-54.0-0.0","{""Q0"":""1. Alguien toma un vaso de leche mientras se da cuenta que huele rancia.¿Usted considera que en esta situación alguien ha sufrido un daño?""}","{""Q0"":"" Si""}",""
"","915.0999999940395","MDDF_24","MDDF","html-slider-response","47","57711","0.0-55.0-0.0-0.0","<div class='justified'>1. Alguien toma un vaso de leche mientras se da cuenta que huele rancia.</p><p>Si usted considera que alguien sufrió un daño en esta situación, ¿Que tanto daño cree usted que sufrió? </p></div></br>","1","4"
"","1510","MDDF_25","MDDF","survey-multi-choice-vertical","48","59227","0.0-56.0-0.0","{""Q0"":""2. Alguien toca accidentalmente un cadáver.¿En qué medida esto le parece inadecuado o adecuado?""}","{""Q0"":""Altamente adecuado""}",""
"","937","MDDF_26","MDDF","survey-multi-choice-vertical","49","60166","0.0-57.0-0.0","{""Q0"":""2. Alguien toca accidentalmente un cadáver.¿Usted considera que en esta situación alguien ha sufrido un daño?""}","{""Q0"":"" No""}",""
"","1508","MDDF_28","MDDF","survey-multi-choice-vertical","50","61678","0.0-59.0-0.0","{""Q0"":""3. Un hombre camina descalzo por el césped y pisa caca de perro fresca.¿En qué medida esto le parece inadecuado o adecuado?""}","{""Q0"":""Medianamente inadecuado""}",""
"","1022","MDDF_29","MDDF","survey-multi-choice-vertical","51","62702","0.0-60.0-0.0","{""Q0"":""3. Un hombre camina descalzo por el césped y pisa caca de perro fresca.¿Usted considera que en esta situación alguien ha sufrido un daño?""}","{""Q0"":"" Si""}",""
"","841.2000000029802","MDDF_30","MDDF","html-slider-response","52","63545","0.0-61.0-0.0-0.0","<div class='justified'>3. Un hombre camina descalzo por el césped y pisa caca de perro fresca.</p><p>Si usted considera que alguien sufrió un daño en esta situación, ¿Que tanto daño cree usted que sufrió? </p></div></br>","7","4"
"","1469","MDDF_31","MDDF","survey-multi-choice-vertical","53","65018","0.0-62.0-0.0","{""Q0"":""4. La mano de una persona está cubierta de sangre luego de cortarse un dedo accidentalmente.¿En qué medida esto le parece inadecuado o adecuado?""}","{""Q0"":""Medianamente inadecuado""}",""
"","986","MDDF_32","MDDF","survey-multi-choice-vertical","54","66006","0.0-63.0-0.0","{""Q0"":""4. La mano de una persona está cubierta de sangre luego de cortarse un dedo accidentalmente.¿Usted considera que en esta situación alguien ha sufrido un daño?""}","{""Q0"":"" Si""}",""
"","859.2000000029802","MDDF_33","MDDF","html-slider-response","55","66867","0.0-64.0-0.0-0.0","<div class='justified'>4. La mano de una persona está cubierta de sangre luego de cortarse un dedo accidentalmente.</p><p>Si usted considera que alguien sufrió un daño en esta situación, ¿Que tanto daño cree usted que sufrió? </p></div></br>","6","4"
"","1475","MDDF_34","MDDF","survey-multi-choice-vertical","56","68347","0.0-65.0-0.0","{""Q0"":""5. Una mujer bebió un vaso de agua que contenía la saliva de otra persona.¿En qué medida esto le parece inadecuado o adecuado?""}","{""Q0"":""Muy inadecuado""}",""
"","986","MDDF_35","MDDF","survey-multi-choice-vertical","57","69337","0.0-66.0-0.0","{""Q0"":""5. Una mujer bebió un vaso de agua que contenía la saliva de otra persona.¿Usted considera que en esta situación alguien ha sufrido un daño?""}","{""Q0"":"" No""}",""
"","1508","MDDF_37","MDDF","survey-multi-choice-vertical","58","70850","0.0-68.0-0.0","{""Q0"":""6. Una persona accidentalmente estornuda sobre otros pasajeros del tren.¿En qué medida esto le parece inadecuado o adecuado?""}","{""Q0"":""Poco inadecuado""}",""
"","973","MDDF_38","MDDF","survey-multi-choice-vertical","59","71826","0.0-69.0-0.0","{""Q0"":""6. Una persona accidentalmente estornuda sobre otros pasajeros del tren.¿Usted considera que en esta situación alguien ha sufrido un daño?""}","{""Q0"":"" No""}",""
"","1469","MDDF_40","MDDF","survey-multi-choice-vertical","60","73300","0.0-71.0-0.0","{""Q0"":""7. Una mujer no lava sus manos después de usar el baño.¿En qué medida esto le parece inadecuado o adecuado?""}","{""Q0"":""Un poco adecuado""}",""
"","959","MDDF_41","MDDF","survey-multi-choice-vertical","61","74262","0.0-72.0-0.0","{""Q0"":""7. Una mujer no lava sus manos después de usar el baño.¿Usted considera que en esta situación alguien ha sufrido un daño?""}","{""Q0"":"" No""}",""
"[{""page_index"":0,""viewing_time"":601}]","601","Instructions_04","MDDF","instructions","62","74863","0.0-74.0-0.0","","",""
"","1534","MDDF_43","MDDF","survey-multi-choice-vertical","63","76400","0.0-75.0-0.0","{""Q0"":""1. Un hombre toma el tren para ir al trabajo.¿En qué medida esto le parece inadecuado o adecuado?""}","{""Q0"":""Muy inadecuado""}",""
"","977","MDDF_44","MDDF","survey-multi-choice-vertical","64","77379","0.0-76.0-0.0","{""Q0"":""1. Un hombre toma el tren para ir al trabajo.¿Usted considera que en esta situación alguien ha sufrido un daño?""}","{""Q0"":"" No""}",""
"","1534","MDDF_46","MDDF","survey-multi-choice-vertical","65","78919","0.0-78.0-0.0","{""Q0"":""2. Una mujer va a un restaurante a cenar.¿En qué medida esto le parece inadecuado o adecuado?""}","{""Q0"":""Muy inadecuado""}",""
"","1032","MDDF_47","MDDF","survey-multi-choice-vertical","66","79955","0.0-79.0-0.0","{""Q0"":""2. Una mujer va a un restaurante a cenar.¿Usted considera que en esta situación alguien ha sufrido un daño?""}","{""Q0"":"" No""}",""
"","1620","MDDF_49","MDDF","survey-multi-choice-vertical","67","81581","0.0-81.0-0.0","{""Q0"":""3. Una persona va a la tienda a comprar comestibles.¿En qué medida esto le parece inadecuado o adecuado?""}","{""Q0"":""Poco inadecuado""}",""
"","1030","MDDF_50","MDDF","survey-multi-choice-vertical","68","82613","0.0-82.0-0.0","{""Q0"":""3. Una persona va a la tienda a comprar comestibles.¿Usted considera que en esta situación alguien ha sufrido un daño?""}","{""Q0"":"" No""}",""
"","1778","MDDF_52","MDDF","survey-multi-choice-vertical","69","84404","0.0-84.0-0.0","{""Q0"":""4. Una persona toma el bus hacia la ciudad el fin de semana.¿En qué medida esto le parece inadecuado o adecuado?""}","{""Q0"":""Un poco adecuado""}",""
"","1032","MDDF_53","MDDF","survey-multi-choice-vertical","70","85439","0.0-85.0-0.0","{""Q0"":""4. Una persona toma el bus hacia la ciudad el fin de semana.¿Usted considera que en esta situación alguien ha sufrido un daño?""}","{""Q0"":"" No""}",""
"","1707","MDDF_55","MDDF","survey-multi-choice-vertical","71","87150","0.0-87.0-0.0","{""Q0"":""5. Una persona tiende su cama en la mañana.¿En qué medida esto le parece inadecuado o adecuado?""}","{""Q0"":""Medianamente adecuado""}",""
"","950","MDDF_56","MDDF","survey-multi-choice-vertical","72","88102","0.0-88.0-0.0","{""Q0"":""5. Una persona tiende su cama en la mañana.¿Usted considera que en esta situación alguien ha sufrido un daño?""}","{""Q0"":"" No""}",""
"","2137","MDDF_58","MDDF","survey-multi-choice-vertical","73","90244","0.0-90.0-0.0","{""Q0"":""6. Una persona toma el ascensor para ir al último piso de un edificio.¿En qué medida esto le parece inadecuado o adecuado?""}","{""Q0"":""Un poco adecuado""}",""
"","938","MDDF_59","MDDF","survey-multi-choice-vertical","74","91184","0.0-91.0-0.0","{""Q0"":""6. Una persona toma el ascensor para ir al último piso de un edificio.¿Usted considera que en esta situación alguien ha sufrido un daño?""}","{""Q0"":"" Si""}",""
"","875.5999999940395","MDDF_60","MDDF","html-slider-response","75","92062","0.0-92.0-0.0-0.0","<div class='justified'>6. Una persona toma el ascensor para ir al último piso de un edificio.</p><p>Si usted considera que alguien sufrió un daño en esta situación, ¿Que tanto daño cree usted que sufrió? </p></div></br>","1","4"
"","1561","MDDF_61","MDDF","survey-multi-choice-vertical","76","93627","0.0-93.0-0.0","{""Q0"":""7. Una persona come una manzana al desayuno.¿En qué medida esto le parece inadecuado o adecuado?""}","{""Q0"":""Poco inadecuado""}",""
"","952","MDDF_62","MDDF","survey-multi-choice-vertical","77","94581","0.0-94.0-0.0","{""Q0"":""7. Una persona come una manzana al desayuno.¿Usted considera que en esta situación alguien ha sufrido un daño?""}","{""Q0"":"" No""}",""
