"view_history","rt","trialid","procedure","trial_type","trial_index","time_elapsed","internal_node_id","stimulus","response","slider_start"
"[{""page_index"":0,""viewing_time"":813}]","813","Instructions_01","MDDF","instructions","27","36910","0.0-29.0-0.0","","",""
"","1938","MDDF_01","MDDF","survey-multi-choice-vertical","28","38855","0.0-30.0-0.0","{""Q0"":""1. A un hombre joven le gusta escuchar a sus vecinos ancianos teniendo relaciones sexuales.¿En qué medida esto le parece inadecuado o adecuado?""}","{""Q0"":""Poco inadecuado""}",""
"","1234","MDDF_02","MDDF","survey-multi-choice-vertical","29","40091","0.0-31.0-0.0","{""Q0"":""1. A un hombre joven le gusta escuchar a sus vecinos ancianos teniendo relaciones sexuales.¿Usted considera que en esta situación alguien ha sufrido un daño?""}","{""Q0"":"" No""}",""
"","1960","MDDF_04","MDDF","survey-multi-choice-vertical","30","42057","0.0-33.0-0.0","{""Q0"":""2. Una pareja de hermanos están de acuerdo en tener sexo protegido.¿En qué medida esto le parece inadecuado o adecuado?""}","{""Q0"":""Medianamente inadecuado""}",""
"","1008","MDDF_05","MDDF","survey-multi-choice-vertical","31","43068","0.0-34.0-0.0","{""Q0"":""2. Una pareja de hermanos están de acuerdo en tener sexo protegido.¿Usted considera que en esta situación alguien ha sufrido un daño?""}","{""Q0"":"" Si""}",""
"","936.5999999940395","MDDF_06","MDDF","html-slider-response","32","44008","0.0-35.0-0.0-0.0","<div class='justified'>2. Una pareja de hermanos están de acuerdo en tener sexo protegido.</p><p>Si usted considera que alguien sufrió un daño en esta situación, ¿Que tanto daño cree usted que sufrió? </p></div></br>","1","4"
"[{""page_index"":0,""viewing_time"":616}]","616","Instructions_02","MDDF","instructions","33","44625","0.0-36.0-0.0","","",""
"","1661","MDDF_07","MDDF","survey-multi-choice-vertical","34","46291","0.0-37.0-0.0","{""Q0"":""1. Una mujer va deliberadamente a trabajar cuando tiene gripe/influenza.¿En qué medida esto le parece inadecuado o adecuado?""}","{""Q0"":""Muy inadecuado""}",""
"","975","MDDF_08","MDDF","survey-multi-choice-vertical","35","47268","0.0-38.0-0.0","{""Q0"":""1. Una mujer va deliberadamente a trabajar cuando tiene gripe/influenza.¿Usted considera que en esta situación alguien ha sufrido un daño?""}","{""Q0"":"" Si""}",""
"","887.8999999910593","MDDF_09","MDDF","html-slider-response","36","48158","0.0-39.0-0.0-0.0","<div class='justified'>1. Una mujer va deliberadamente a trabajar cuando tiene gripe/influenza.</p><p>Si usted considera que alguien sufrió un daño en esta situación, ¿Que tanto daño cree usted que sufrió? </p></div></br>","7","4"
"","1551","MDDF_10","MDDF","survey-multi-choice-vertical","37","49713","0.0-40.0-0.0","{""Q0"":""2. El dueño de un hotel no fumigará las camas infestadas de insectos porque es muy caro.¿En qué medida esto le parece inadecuado o adecuado?""}","{""Q0"":""Medianamente inadecuado""}",""
"","956","MDDF_11","MDDF","survey-multi-choice-vertical","38","50671","0.0-41.0-0.0","{""Q0"":""2. El dueño de un hotel no fumigará las camas infestadas de insectos porque es muy caro.¿Usted considera que en esta situación alguien ha sufrido un daño?""}","{""Q0"":"" Si""}",""
"","940.2000000029802","MDDF_12","MDDF","html-slider-response","39","51618","0.0-42.0-0.0-0.0","<div class='justified'>2. El dueño de un hotel no fumigará las camas infestadas de insectos porque es muy caro.</p><p>Si usted considera que alguien sufrió un daño en esta situación, ¿Que tanto daño cree usted que sufrió? </p></div></br>","3","4"
"","1508","MDDF_13","MDDF","survey-multi-choice-vertical","40","53134","0.0-43.0-0.0","{""Q0"":""3. Un hombre no se molesta en lavarse las manos antes de preparar el biberón de su bebé.¿En qué medida esto le parece inadecuado o adecuado?""}","{""Q0"":""Poco inadecuado""}",""
"","914","MDDF_14","MDDF","survey-multi-choice-vertical","41","54050","0.0-44.0-0.0","{""Q0"":""3. Un hombre no se molesta en lavarse las manos antes de preparar el biberón de su bebé.¿Usted considera que en esta situación alguien ha sufrido un daño?""}","{""Q0"":"" No""}",""
"","1498","MDDF_16","MDDF","survey-multi-choice-vertical","42","55552","0.0-46.0-0.0","{""Q0"":""4. Un hombre orina intencionalmente en el piso del baño.¿En qué medida esto le parece inadecuado o adecuado?""}","{""Q0"":""Altamente adecuado""}",""
"","966","MDDF_17","MDDF","survey-multi-choice-vertical","43","56519","0.0-47.0-0.0","{""Q0"":""4. Un hombre orina intencionalmente en el piso del baño.¿Usted considera que en esta situación alguien ha sufrido un daño?""}","{""Q0"":"" No""}",""
"","1509","MDDF_19","MDDF","survey-multi-choice-vertical","44","58035","0.0-49.0-0.0","{""Q0"":""5. Alguien deja una rata muerta en la cocina de su vecino.¿En qué medida esto le parece inadecuado o adecuado?""}","{""Q0"":""Un poco adecuado""}",""
"","986","MDDF_20","MDDF","survey-multi-choice-vertical","45","59024","0.0-50.0-0.0","{""Q0"":""5. Alguien deja una rata muerta en la cocina de su vecino.¿Usted considera que en esta situación alguien ha sufrido un daño?""}","{""Q0"":"" Si""}",""
"","838.7999999970198","MDDF_21","MDDF","html-slider-response","46","59864","0.0-51.0-0.0-0.0","<div class='justified'>5. Alguien deja una rata muerta en la cocina de su vecino.</p><p>Si usted considera que alguien sufrió un daño en esta situación, ¿Que tanto daño cree usted que sufrió? </p></div></br>","3","4"
"[{""page_index"":0,""viewing_time"":568}]","568","Instructions_03","MDDF","instructions","47","60433","0.0-52.0-0.0","","",""
"","1450","MDDF_22","MDDF","survey-multi-choice-vertical","48","61887","0.0-53.0-0.0","{""Q0"":""1. Alguien toma un vaso de leche mientras se da cuenta que huele rancia.¿En qué medida esto le parece inadecuado o adecuado?""}","{""Q0"":""Sin opinion""}",""
"","912","MDDF_23","MDDF","survey-multi-choice-vertical","49","62801","0.0-54.0-0.0","{""Q0"":""1. Alguien toma un vaso de leche mientras se da cuenta que huele rancia.¿Usted considera que en esta situación alguien ha sufrido un daño?""}","{""Q0"":"" Si""}",""
"","833.2000000029802","MDDF_24","MDDF","html-slider-response","50","63636","0.0-55.0-0.0-0.0","<div class='justified'>1. Alguien toma un vaso de leche mientras se da cuenta que huele rancia.</p><p>Si usted considera que alguien sufrió un daño en esta situación, ¿Que tanto daño cree usted que sufrió? </p></div></br>","1","4"
"","1443","MDDF_25","MDDF","survey-multi-choice-vertical","51","65083","0.0-56.0-0.0","{""Q0"":""2. Alguien toca accidentalmente un cadáver.¿En qué medida esto le parece inadecuado o adecuado?""}","{""Q0"":""Un poco adecuado""}",""
"","1010","MDDF_26","MDDF","survey-multi-choice-vertical","52","66096","0.0-57.0-0.0","{""Q0"":""2. Alguien toca accidentalmente un cadáver.¿Usted considera que en esta situación alguien ha sufrido un daño?""}","{""Q0"":"" Si""}",""
"","847.6000000089407","MDDF_27","MDDF","html-slider-response","53","66945","0.0-58.0-0.0-0.0","<div class='justified'>2. Alguien toca accidentalmente un cadáver.</p><p>Si usted considera que alguien sufrió un daño en esta situación, ¿Que tanto daño cree usted que sufrió? </p></div></br>","3","4"
"","1485","MDDF_28","MDDF","survey-multi-choice-vertical","54","68434","0.0-59.0-0.0","{""Q0"":""3. Un hombre camina descalzo por el césped y pisa caca de perro fresca.¿En qué medida esto le parece inadecuado o adecuado?""}","{""Q0"":""Medianamente inadecuado""}",""
"","930","MDDF_29","MDDF","survey-multi-choice-vertical","55","69366","0.0-60.0-0.0","{""Q0"":""3. Un hombre camina descalzo por el césped y pisa caca de perro fresca.¿Usted considera que en esta situación alguien ha sufrido un daño?""}","{""Q0"":"" Si""}",""
"","836.4000000059605","MDDF_30","MDDF","html-slider-response","56","70205","0.0-61.0-0.0-0.0","<div class='justified'>3. Un hombre camina descalzo por el césped y pisa caca de perro fresca.</p><p>Si usted considera que alguien sufrió un daño en esta situación, ¿Que tanto daño cree usted que sufrió? </p></div></br>","2","4"
"","1477","MDDF_31","MDDF","survey-multi-choice-vertical","57","71687","0.0-62.0-0.0","{""Q0"":""4. La mano de una persona está cubierta de sangre luego de cortarse un dedo accidentalmente.¿En qué medida esto le parece inadecuado o adecuado?""}","{""Q0"":""Altamente adecuado""}",""
"","953","MDDF_32","MDDF","survey-multi-choice-vertical","58","72641","0.0-63.0-0.0","{""Q0"":""4. La mano de una persona está cubierta de sangre luego de cortarse un dedo accidentalmente.¿Usted considera que en esta situación alguien ha sufrido un daño?""}","{""Q0"":"" No""}",""
"","1492","MDDF_34","MDDF","survey-multi-choice-vertical","59","74143","0.0-65.0-0.0","{""Q0"":""5. Una mujer bebió un vaso de agua que contenía la saliva de otra persona.¿En qué medida esto le parece inadecuado o adecuado?""}","{""Q0"":""Un poco adecuado""}",""
"","938","MDDF_35","MDDF","survey-multi-choice-vertical","60","75083","0.0-66.0-0.0","{""Q0"":""5. Una mujer bebió un vaso de agua que contenía la saliva de otra persona.¿Usted considera que en esta situación alguien ha sufrido un daño?""}","{""Q0"":"" Si""}",""
"","861.8000000119209","MDDF_36","MDDF","html-slider-response","61","75947","0.0-67.0-0.0-0.0","<div class='justified'>5. Una mujer bebió un vaso de agua que contenía la saliva de otra persona.</p><p>Si usted considera que alguien sufrió un daño en esta situación, ¿Que tanto daño cree usted que sufrió? </p></div></br>","1","4"
"","1498","MDDF_37","MDDF","survey-multi-choice-vertical","62","77449","0.0-68.0-0.0","{""Q0"":""6. Una persona accidentalmente estornuda sobre otros pasajeros del tren.¿En qué medida esto le parece inadecuado o adecuado?""}","{""Q0"":""Sin opinion""}",""
"","927","MDDF_38","MDDF","survey-multi-choice-vertical","63","78378","0.0-69.0-0.0","{""Q0"":""6. Una persona accidentalmente estornuda sobre otros pasajeros del tren.¿Usted considera que en esta situación alguien ha sufrido un daño?""}","{""Q0"":"" Si""}",""
"","828.7000000029802","MDDF_39","MDDF","html-slider-response","64","79208","0.0-70.0-0.0-0.0","<div class='justified'>6. Una persona accidentalmente estornuda sobre otros pasajeros del tren.</p><p>Si usted considera que alguien sufrió un daño en esta situación, ¿Que tanto daño cree usted que sufrió? </p></div></br>","4","4"
"","1574","MDDF_40","MDDF","survey-multi-choice-vertical","65","80786","0.0-71.0-0.0","{""Q0"":""7. Una mujer no lava sus manos después de usar el baño.¿En qué medida esto le parece inadecuado o adecuado?""}","{""Q0"":""Medianamente inadecuado""}",""
"","1036","MDDF_41","MDDF","survey-multi-choice-vertical","66","81825","0.0-72.0-0.0","{""Q0"":""7. Una mujer no lava sus manos después de usar el baño.¿Usted considera que en esta situación alguien ha sufrido un daño?""}","{""Q0"":"" Si""}",""
"","939.9000000059605","MDDF_42","MDDF","html-slider-response","67","82766","0.0-73.0-0.0-0.0","<div class='justified'>7. Una mujer no lava sus manos después de usar el baño.</p><p>Si usted considera que alguien sufrió un daño en esta situación, ¿Que tanto daño cree usted que sufrió? </p></div></br>","6","4"
"[{""page_index"":0,""viewing_time"":654}]","654","Instructions_04","MDDF","instructions","68","83422","0.0-74.0-0.0","","",""
"","1587","MDDF_43","MDDF","survey-multi-choice-vertical","69","85016","0.0-75.0-0.0","{""Q0"":""1. Un hombre toma el tren para ir al trabajo.¿En qué medida esto le parece inadecuado o adecuado?""}","{""Q0"":""Medianamente inadecuado""}",""
"","990","MDDF_44","MDDF","survey-multi-choice-vertical","70","86007","0.0-76.0-0.0","{""Q0"":""1. Un hombre toma el tren para ir al trabajo.¿Usted considera que en esta situación alguien ha sufrido un daño?""}","{""Q0"":"" No""}",""
"","1500","MDDF_46","MDDF","survey-multi-choice-vertical","71","87513","0.0-78.0-0.0","{""Q0"":""2. Una mujer va a un restaurante a cenar.¿En qué medida esto le parece inadecuado o adecuado?""}","{""Q0"":""Muy inadecuado""}",""
"","979","MDDF_47","MDDF","survey-multi-choice-vertical","72","88494","0.0-79.0-0.0","{""Q0"":""2. Una mujer va a un restaurante a cenar.¿Usted considera que en esta situación alguien ha sufrido un daño?""}","{""Q0"":"" No""}",""
"","1512","MDDF_49","MDDF","survey-multi-choice-vertical","73","90010","0.0-81.0-0.0","{""Q0"":""3. Una persona va a la tienda a comprar comestibles.¿En qué medida esto le parece inadecuado o adecuado?""}","{""Q0"":""Altamente adecuado""}",""
"","1022","MDDF_50","MDDF","survey-multi-choice-vertical","74","91034","0.0-82.0-0.0","{""Q0"":""3. Una persona va a la tienda a comprar comestibles.¿Usted considera que en esta situación alguien ha sufrido un daño?""}","{""Q0"":"" No""}",""
"","1673","MDDF_52","MDDF","survey-multi-choice-vertical","75","92712","0.0-84.0-0.0","{""Q0"":""4. Una persona toma el bus hacia la ciudad el fin de semana.¿En qué medida esto le parece inadecuado o adecuado?""}","{""Q0"":""Poco inadecuado""}",""
"","1045","MDDF_53","MDDF","survey-multi-choice-vertical","76","93760","0.0-85.0-0.0","{""Q0"":""4. Una persona toma el bus hacia la ciudad el fin de semana.¿Usted considera que en esta situación alguien ha sufrido un daño?""}","{""Q0"":"" No""}",""
"","1928","MDDF_55","MDDF","survey-multi-choice-vertical","77","95692","0.0-87.0-0.0","{""Q0"":""5. Una persona tiende su cama en la mañana.¿En qué medida esto le parece inadecuado o adecuado?""}","{""Q0"":""Medianamente inadecuado""}",""
"","1182","MDDF_56","MDDF","survey-multi-choice-vertical","78","96876","0.0-88.0-0.0","{""Q0"":""5. Una persona tiende su cama en la mañana.¿Usted considera que en esta situación alguien ha sufrido un daño?""}","{""Q0"":"" No""}",""
"","1749","MDDF_58","MDDF","survey-multi-choice-vertical","79","98631","0.0-90.0-0.0","{""Q0"":""6. Una persona toma el ascensor para ir al último piso de un edificio.¿En qué medida esto le parece inadecuado o adecuado?""}","{""Q0"":""Medianamente inadecuado""}",""
"","1039","MDDF_59","MDDF","survey-multi-choice-vertical","80","99674","0.0-91.0-0.0","{""Q0"":""6. Una persona toma el ascensor para ir al último piso de un edificio.¿Usted considera que en esta situación alguien ha sufrido un daño?""}","{""Q0"":"" No""}",""
"","1533","MDDF_61","MDDF","survey-multi-choice-vertical","81","101212","0.0-93.0-0.0","{""Q0"":""7. Una persona come una manzana al desayuno.¿En qué medida esto le parece inadecuado o adecuado?""}","{""Q0"":""Altamente adecuado""}",""
"","879","MDDF_62","MDDF","survey-multi-choice-vertical","82","102093","0.0-94.0-0.0","{""Q0"":""7. Una persona come una manzana al desayuno.¿Usted considera que en esta situación alguien ha sufrido un daño?""}","{""Q0"":"" No""}",""
