"view_history","rt","trialid","procedure","trial_type","trial_index","time_elapsed","internal_node_id","stimulus","response","slider_start"
"[{""page_index"":0,""viewing_time"":694}]","694","Instructions_01","MDDF","instructions","27","33694","0.0-29.0-0.0","","",""
"","1670","MDDF_01","MDDF","survey-multi-choice-vertical","28","35368","0.0-30.0-0.0","{""Q0"":""1. A un hombre joven le gusta escuchar a sus vecinos ancianos teniendo relaciones sexuales.¿En qué medida esto le parece inadecuado o adecuado?""}","{""Q0"":""Muy inadecuado""}",""
"","951","MDDF_02","MDDF","survey-multi-choice-vertical","29","36320","0.0-31.0-0.0","{""Q0"":""1. A un hombre joven le gusta escuchar a sus vecinos ancianos teniendo relaciones sexuales.¿Usted considera que en esta situación alguien ha sufrido un daño?""}","{""Q0"":"" No""}",""
"","1723","MDDF_04","MDDF","survey-multi-choice-vertical","30","38049","0.0-33.0-0.0","{""Q0"":""2. Una pareja de hermanos están de acuerdo en tener sexo protegido.¿En qué medida esto le parece inadecuado o adecuado?""}","{""Q0"":""Poco inadecuado""}",""
"","956","MDDF_05","MDDF","survey-multi-choice-vertical","31","39007","0.0-34.0-0.0","{""Q0"":""2. Una pareja de hermanos están de acuerdo en tener sexo protegido.¿Usted considera que en esta situación alguien ha sufrido un daño?""}","{""Q0"":"" Si""}",""
"","871","MDDF_06","MDDF","html-slider-response","32","39881","0.0-35.0-0.0-0.0","<div class='justified'>2. Una pareja de hermanos están de acuerdo en tener sexo protegido.</p><p>Si usted considera que alguien sufrió un daño en esta situación, ¿Que tanto daño cree usted que sufrió? </p></div></br>","3","4"
"[{""page_index"":0,""viewing_time"":551}]","551","Instructions_02","MDDF","instructions","33","40433","0.0-36.0-0.0","","",""
"","1461","MDDF_07","MDDF","survey-multi-choice-vertical","34","41898","0.0-37.0-0.0","{""Q0"":""1. Una mujer va deliberadamente a trabajar cuando tiene gripe/influenza.¿En qué medida esto le parece inadecuado o adecuado?""}","{""Q0"":""Poco inadecuado""}",""
"","969","MDDF_08","MDDF","survey-multi-choice-vertical","35","42870","0.0-38.0-0.0","{""Q0"":""1. Una mujer va deliberadamente a trabajar cuando tiene gripe/influenza.¿Usted considera que en esta situación alguien ha sufrido un daño?""}","{""Q0"":"" Si""}",""
"","841.9000000059605","MDDF_09","MDDF","html-slider-response","36","43715","0.0-39.0-0.0-0.0","<div class='justified'>1. Una mujer va deliberadamente a trabajar cuando tiene gripe/influenza.</p><p>Si usted considera que alguien sufrió un daño en esta situación, ¿Que tanto daño cree usted que sufrió? </p></div></br>","5","4"
"","1470","MDDF_10","MDDF","survey-multi-choice-vertical","37","45187","0.0-40.0-0.0","{""Q0"":""2. El dueño de un hotel no fumigará las camas infestadas de insectos porque es muy caro.¿En qué medida esto le parece inadecuado o adecuado?""}","{""Q0"":""Un poco adecuado""}",""
"","928","MDDF_11","MDDF","survey-multi-choice-vertical","38","46117","0.0-41.0-0.0","{""Q0"":""2. El dueño de un hotel no fumigará las camas infestadas de insectos porque es muy caro.¿Usted considera que en esta situación alguien ha sufrido un daño?""}","{""Q0"":"" No""}",""
"","1520","MDDF_13","MDDF","survey-multi-choice-vertical","39","47643","0.0-43.0-0.0","{""Q0"":""3. Un hombre no se molesta en lavarse las manos antes de preparar el biberón de su bebé.¿En qué medida esto le parece inadecuado o adecuado?""}","{""Q0"":""Medianamente inadecuado""}",""
"","951","MDDF_14","MDDF","survey-multi-choice-vertical","40","48597","0.0-44.0-0.0","{""Q0"":""3. Un hombre no se molesta en lavarse las manos antes de preparar el biberón de su bebé.¿Usted considera que en esta situación alguien ha sufrido un daño?""}","{""Q0"":"" No""}",""
"","1436","MDDF_16","MDDF","survey-multi-choice-vertical","41","50038","0.0-46.0-0.0","{""Q0"":""4. Un hombre orina intencionalmente en el piso del baño.¿En qué medida esto le parece inadecuado o adecuado?""}","{""Q0"":""Muy inadecuado""}",""
"","921","MDDF_17","MDDF","survey-multi-choice-vertical","42","50962","0.0-47.0-0.0","{""Q0"":""4. Un hombre orina intencionalmente en el piso del baño.¿Usted considera que en esta situación alguien ha sufrido un daño?""}","{""Q0"":"" No""}",""
"","1496","MDDF_19","MDDF","survey-multi-choice-vertical","43","52461","0.0-49.0-0.0","{""Q0"":""5. Alguien deja una rata muerta en la cocina de su vecino.¿En qué medida esto le parece inadecuado o adecuado?""}","{""Q0"":""Altamente adecuado""}",""
"","941","MDDF_20","MDDF","survey-multi-choice-vertical","44","53404","0.0-50.0-0.0","{""Q0"":""5. Alguien deja una rata muerta en la cocina de su vecino.¿Usted considera que en esta situación alguien ha sufrido un daño?""}","{""Q0"":"" No""}",""
"[{""page_index"":0,""viewing_time"":607}]","608","Instructions_03","MDDF","instructions","45","54013","0.0-52.0-0.0","","",""
"","1496","MDDF_22","MDDF","survey-multi-choice-vertical","46","55514","0.0-53.0-0.0","{""Q0"":""1. Alguien toma un vaso de leche mientras se da cuenta que huele rancia.¿En qué medida esto le parece inadecuado o adecuado?""}","{""Q0"":""Sin opinion""}",""
"","890","MDDF_23","MDDF","survey-multi-choice-vertical","47","56405","0.0-54.0-0.0","{""Q0"":""1. Alguien toma un vaso de leche mientras se da cuenta que huele rancia.¿Usted considera que en esta situación alguien ha sufrido un daño?""}","{""Q0"":"" Si""}",""
"","853.5","MDDF_24","MDDF","html-slider-response","48","57260","0.0-55.0-0.0-0.0","<div class='justified'>1. Alguien toma un vaso de leche mientras se da cuenta que huele rancia.</p><p>Si usted considera que alguien sufrió un daño en esta situación, ¿Que tanto daño cree usted que sufrió? </p></div></br>","2","4"
"","1490","MDDF_25","MDDF","survey-multi-choice-vertical","49","58753","0.0-56.0-0.0","{""Q0"":""2. Alguien toca accidentalmente un cadáver.¿En qué medida esto le parece inadecuado o adecuado?""}","{""Q0"":""Altamente adecuado""}",""
"","933","MDDF_26","MDDF","survey-multi-choice-vertical","50","59688","0.0-57.0-0.0","{""Q0"":""2. Alguien toca accidentalmente un cadáver.¿Usted considera que en esta situación alguien ha sufrido un daño?""}","{""Q0"":"" No""}",""
"","1481","MDDF_28","MDDF","survey-multi-choice-vertical","51","61173","0.0-59.0-0.0","{""Q0"":""3. Un hombre camina descalzo por el césped y pisa caca de perro fresca.¿En qué medida esto le parece inadecuado o adecuado?""}","{""Q0"":""Poco inadecuado""}",""
"","940","MDDF_29","MDDF","survey-multi-choice-vertical","52","62115","0.0-60.0-0.0","{""Q0"":""3. Un hombre camina descalzo por el césped y pisa caca de perro fresca.¿Usted considera que en esta situación alguien ha sufrido un daño?""}","{""Q0"":"" No""}",""
"","1453","MDDF_31","MDDF","survey-multi-choice-vertical","53","63573","0.0-62.0-0.0","{""Q0"":""4. La mano de una persona está cubierta de sangre luego de cortarse un dedo accidentalmente.¿En qué medida esto le parece inadecuado o adecuado?""}","{""Q0"":""Medianamente inadecuado""}",""
"","938","MDDF_32","MDDF","survey-multi-choice-vertical","54","64514","0.0-63.0-0.0","{""Q0"":""4. La mano de una persona está cubierta de sangre luego de cortarse un dedo accidentalmente.¿Usted considera que en esta situación alguien ha sufrido un daño?""}","{""Q0"":"" No""}",""
"","1441","MDDF_34","MDDF","survey-multi-choice-vertical","55","65959","0.0-65.0-0.0","{""Q0"":""5. Una mujer bebió un vaso de agua que contenía la saliva de otra persona.¿En qué medida esto le parece inadecuado o adecuado?""}","{""Q0"":""Medianamente inadecuado""}",""
"","938","MDDF_35","MDDF","survey-multi-choice-vertical","56","66900","0.0-66.0-0.0","{""Q0"":""5. Una mujer bebió un vaso de agua que contenía la saliva de otra persona.¿Usted considera que en esta situación alguien ha sufrido un daño?""}","{""Q0"":"" No""}",""
"","1485","MDDF_37","MDDF","survey-multi-choice-vertical","57","68390","0.0-68.0-0.0","{""Q0"":""6. Una persona accidentalmente estornuda sobre otros pasajeros del tren.¿En qué medida esto le parece inadecuado o adecuado?""}","{""Q0"":""Altamente adecuado""}",""
"","921","MDDF_38","MDDF","survey-multi-choice-vertical","58","69313","0.0-69.0-0.0","{""Q0"":""6. Una persona accidentalmente estornuda sobre otros pasajeros del tren.¿Usted considera que en esta situación alguien ha sufrido un daño?""}","{""Q0"":"" No""}",""
"","1550","MDDF_40","MDDF","survey-multi-choice-vertical","59","70868","0.0-71.0-0.0","{""Q0"":""7. Una mujer no lava sus manos después de usar el baño.¿En qué medida esto le parece inadecuado o adecuado?""}","{""Q0"":""Poco inadecuado""}",""
"","989","MDDF_41","MDDF","survey-multi-choice-vertical","60","71860","0.0-72.0-0.0","{""Q0"":""7. Una mujer no lava sus manos después de usar el baño.¿Usted considera que en esta situación alguien ha sufrido un daño?""}","{""Q0"":"" No""}",""
"[{""page_index"":0,""viewing_time"":569}]","573","Instructions_04","MDDF","instructions","61","72434","0.0-74.0-0.0","","",""
"","1518","MDDF_43","MDDF","survey-multi-choice-vertical","62","73957","0.0-75.0-0.0","{""Q0"":""1. Un hombre toma el tren para ir al trabajo.¿En qué medida esto le parece inadecuado o adecuado?""}","{""Q0"":""Medianamente adecuado""}",""
"","1014","MDDF_44","MDDF","survey-multi-choice-vertical","63","74972","0.0-76.0-0.0","{""Q0"":""1. Un hombre toma el tren para ir al trabajo.¿Usted considera que en esta situación alguien ha sufrido un daño?""}","{""Q0"":"" No""}",""
"","1543","MDDF_46","MDDF","survey-multi-choice-vertical","64","76519","0.0-78.0-0.0","{""Q0"":""2. Una mujer va a un restaurante a cenar.¿En qué medida esto le parece inadecuado o adecuado?""}","{""Q0"":""Medianamente adecuado""}",""
"","956","MDDF_47","MDDF","survey-multi-choice-vertical","65","77477","0.0-79.0-0.0","{""Q0"":""2. Una mujer va a un restaurante a cenar.¿Usted considera que en esta situación alguien ha sufrido un daño?""}","{""Q0"":"" Si""}",""
"","914.0999999940395","MDDF_48","MDDF","html-slider-response","66","78393","0.0-80.0-0.0-0.0","<div class='justified'>2. Una mujer va a un restaurante a cenar.</p><p>Si usted considera que alguien sufrió un daño en esta situación, ¿Que tanto daño cree usted que sufrió? </p></div></br>","4","4"
"","1515","MDDF_49","MDDF","survey-multi-choice-vertical","67","79912","0.0-81.0-0.0","{""Q0"":""3. Una persona va a la tienda a comprar comestibles.¿En qué medida esto le parece inadecuado o adecuado?""}","{""Q0"":""Poco inadecuado""}",""
"","963","MDDF_50","MDDF","survey-multi-choice-vertical","68","80877","0.0-82.0-0.0","{""Q0"":""3. Una persona va a la tienda a comprar comestibles.¿Usted considera que en esta situación alguien ha sufrido un daño?""}","{""Q0"":"" No""}",""
"","1441","MDDF_52","MDDF","survey-multi-choice-vertical","69","82329","0.0-84.0-0.0","{""Q0"":""4. Una persona toma el bus hacia la ciudad el fin de semana.¿En qué medida esto le parece inadecuado o adecuado?""}","{""Q0"":""Altamente adecuado""}",""
"","961","MDDF_53","MDDF","survey-multi-choice-vertical","70","83292","0.0-85.0-0.0","{""Q0"":""4. Una persona toma el bus hacia la ciudad el fin de semana.¿Usted considera que en esta situación alguien ha sufrido un daño?""}","{""Q0"":"" No""}",""
"","1549","MDDF_55","MDDF","survey-multi-choice-vertical","71","84846","0.0-87.0-0.0","{""Q0"":""5. Una persona tiende su cama en la mañana.¿En qué medida esto le parece inadecuado o adecuado?""}","{""Q0"":""Medianamente inadecuado""}",""
"","1075","MDDF_56","MDDF","survey-multi-choice-vertical","72","85923","0.0-88.0-0.0","{""Q0"":""5. Una persona tiende su cama en la mañana.¿Usted considera que en esta situación alguien ha sufrido un daño?""}","{""Q0"":"" Si""}",""
"","912.7999999970198","MDDF_57","MDDF","html-slider-response","73","86839","0.0-89.0-0.0-0.0","<div class='justified'>5. Una persona tiende su cama en la mañana.</p><p>Si usted considera que alguien sufrió un daño en esta situación, ¿Que tanto daño cree usted que sufrió? </p></div></br>","7","4"
"","1569","MDDF_58","MDDF","survey-multi-choice-vertical","74","88414","0.0-90.0-0.0","{""Q0"":""6. Una persona toma el ascensor para ir al último piso de un edificio.¿En qué medida esto le parece inadecuado o adecuado?""}","{""Q0"":""Medianamente inadecuado""}",""
"","860","MDDF_59","MDDF","survey-multi-choice-vertical","75","89276","0.0-91.0-0.0","{""Q0"":""6. Una persona toma el ascensor para ir al último piso de un edificio.¿Usted considera que en esta situación alguien ha sufrido un daño?""}","{""Q0"":"" Si""}",""
"","779.8999999910593","MDDF_60","MDDF","html-slider-response","76","90057","0.0-92.0-0.0-0.0","<div class='justified'>6. Una persona toma el ascensor para ir al último piso de un edificio.</p><p>Si usted considera que alguien sufrió un daño en esta situación, ¿Que tanto daño cree usted que sufrió? </p></div></br>","6","4"
"","1306","MDDF_61","MDDF","survey-multi-choice-vertical","77","91367","0.0-93.0-0.0","{""Q0"":""7. Una persona come una manzana al desayuno.¿En qué medida esto le parece inadecuado o adecuado?""}","{""Q0"":""Muy inadecuado""}",""
"","785","MDDF_62","MDDF","survey-multi-choice-vertical","78","92155","0.0-94.0-0.0","{""Q0"":""7. Una persona come una manzana al desayuno.¿Usted considera que en esta situación alguien ha sufrido un daño?""}","{""Q0"":"" No""}",""
