"view_history","rt","trialid","procedure","trial_type","trial_index","time_elapsed","internal_node_id","stimulus","response","slider_start"
"[{""page_index"":0,""viewing_time"":838}]","839","Instructions_01","MDDF","instructions","27","37091","0.0-29.0-0.0","","",""
"","1923","MDDF_01","MDDF","survey-multi-choice-vertical","28","39018","0.0-30.0-0.0","{""Q0"":""1. A un hombre joven le gusta escuchar a sus vecinos ancianos teniendo relaciones sexuales.¿En qué medida esto le parece inadecuado o adecuado?""}","{""Q0"":""Medianamente inadecuado""}",""
"","1052","MDDF_02","MDDF","survey-multi-choice-vertical","29","40074","0.0-31.0-0.0","{""Q0"":""1. A un hombre joven le gusta escuchar a sus vecinos ancianos teniendo relaciones sexuales.¿Usted considera que en esta situación alguien ha sufrido un daño?""}","{""Q0"":"" Si""}",""
"","1085.5","MDDF_03","MDDF","html-slider-response","30","41162","0.0-32.0-0.0-0.0","<div class='justified'>1. A un hombre joven le gusta escuchar a sus vecinos ancianos teniendo relaciones sexuales.</p><p>Si usted considera que alguien sufrió un daño en esta situación, ¿Que tanto daño cree usted que sufrió? </p></div></br>","3","4"
"","1791","MDDF_04","MDDF","survey-multi-choice-vertical","31","42957","0.0-33.0-0.0","{""Q0"":""2. Una pareja de hermanos están de acuerdo en tener sexo protegido.¿En qué medida esto le parece inadecuado o adecuado?""}","{""Q0"":""Un poco adecuado""}",""
"","1016","MDDF_05","MDDF","survey-multi-choice-vertical","32","43976","0.0-34.0-0.0","{""Q0"":""2. Una pareja de hermanos están de acuerdo en tener sexo protegido.¿Usted considera que en esta situación alguien ha sufrido un daño?""}","{""Q0"":"" No""}",""
"[{""page_index"":0,""viewing_time"":705}]","706","Instructions_02","MDDF","instructions","33","44683","0.0-36.0-0.0","","",""
"","1650","MDDF_07","MDDF","survey-multi-choice-vertical","34","46337","0.0-37.0-0.0","{""Q0"":""1. Una mujer va deliberadamente a trabajar cuando tiene gripe/influenza.¿En qué medida esto le parece inadecuado o adecuado?""}","{""Q0"":""Un poco adecuado""}",""
"","999","MDDF_08","MDDF","survey-multi-choice-vertical","35","47338","0.0-38.0-0.0","{""Q0"":""1. Una mujer va deliberadamente a trabajar cuando tiene gripe/influenza.¿Usted considera que en esta situación alguien ha sufrido un daño?""}","{""Q0"":"" No""}",""
"","1515","MDDF_10","MDDF","survey-multi-choice-vertical","36","48858","0.0-40.0-0.0","{""Q0"":""2. El dueño de un hotel no fumigará las camas infestadas de insectos porque es muy caro.¿En qué medida esto le parece inadecuado o adecuado?""}","{""Q0"":""Medianamente adecuado""}",""
"","1033","MDDF_11","MDDF","survey-multi-choice-vertical","37","49893","0.0-41.0-0.0","{""Q0"":""2. El dueño de un hotel no fumigará las camas infestadas de insectos porque es muy caro.¿Usted considera que en esta situación alguien ha sufrido un daño?""}","{""Q0"":"" No""}",""
"","1564","MDDF_13","MDDF","survey-multi-choice-vertical","38","51461","0.0-43.0-0.0","{""Q0"":""3. Un hombre no se molesta en lavarse las manos antes de preparar el biberón de su bebé.¿En qué medida esto le parece inadecuado o adecuado?""}","{""Q0"":""Altamente adecuado""}",""
"","965","MDDF_14","MDDF","survey-multi-choice-vertical","39","52429","0.0-44.0-0.0","{""Q0"":""3. Un hombre no se molesta en lavarse las manos antes de preparar el biberón de su bebé.¿Usted considera que en esta situación alguien ha sufrido un daño?""}","{""Q0"":"" Si""}",""
"","890.6000000089407","MDDF_15","MDDF","html-slider-response","40","53322","0.0-45.0-0.0-0.0","<div class='justified'>3. Un hombre no se molesta en lavarse las manos antes de preparar el biberón de su bebé.</p><p>Si usted considera que alguien sufrió un daño en esta situación, ¿Que tanto daño cree usted que sufrió? </p></div></br>","6","4"
"","1482","MDDF_16","MDDF","survey-multi-choice-vertical","41","54806","0.0-46.0-0.0","{""Q0"":""4. Un hombre orina intencionalmente en el piso del baño.¿En qué medida esto le parece inadecuado o adecuado?""}","{""Q0"":""Un poco adecuado""}",""
"","1002","MDDF_17","MDDF","survey-multi-choice-vertical","42","55811","0.0-47.0-0.0","{""Q0"":""4. Un hombre orina intencionalmente en el piso del baño.¿Usted considera que en esta situación alguien ha sufrido un daño?""}","{""Q0"":"" No""}",""
"","1507","MDDF_19","MDDF","survey-multi-choice-vertical","43","57323","0.0-49.0-0.0","{""Q0"":""5. Alguien deja una rata muerta en la cocina de su vecino.¿En qué medida esto le parece inadecuado o adecuado?""}","{""Q0"":""Muy inadecuado""}",""
"","974","MDDF_20","MDDF","survey-multi-choice-vertical","44","58300","0.0-50.0-0.0","{""Q0"":""5. Alguien deja una rata muerta en la cocina de su vecino.¿Usted considera que en esta situación alguien ha sufrido un daño?""}","{""Q0"":"" No""}",""
"[{""page_index"":0,""viewing_time"":606}]","607","Instructions_03","MDDF","instructions","45","58908","0.0-52.0-0.0","","",""
"","1506","MDDF_22","MDDF","survey-multi-choice-vertical","46","60417","0.0-53.0-0.0","{""Q0"":""1. Alguien toma un vaso de leche mientras se da cuenta que huele rancia.¿En qué medida esto le parece inadecuado o adecuado?""}","{""Q0"":""Medianamente adecuado""}",""
"","950","MDDF_23","MDDF","survey-multi-choice-vertical","47","61369","0.0-54.0-0.0","{""Q0"":""1. Alguien toma un vaso de leche mientras se da cuenta que huele rancia.¿Usted considera que en esta situación alguien ha sufrido un daño?""}","{""Q0"":"" Si""}",""
"","802.6999999880791","MDDF_24","MDDF","html-slider-response","48","62174","0.0-55.0-0.0-0.0","<div class='justified'>1. Alguien toma un vaso de leche mientras se da cuenta que huele rancia.</p><p>Si usted considera que alguien sufrió un daño en esta situación, ¿Que tanto daño cree usted que sufrió? </p></div></br>","2","4"
"","1489","MDDF_25","MDDF","survey-multi-choice-vertical","49","63668","0.0-56.0-0.0","{""Q0"":""2. Alguien toca accidentalmente un cadáver.¿En qué medida esto le parece inadecuado o adecuado?""}","{""Q0"":""Muy inadecuado""}",""
"","971","MDDF_26","MDDF","survey-multi-choice-vertical","50","64642","0.0-57.0-0.0","{""Q0"":""2. Alguien toca accidentalmente un cadáver.¿Usted considera que en esta situación alguien ha sufrido un daño?""}","{""Q0"":"" No""}",""
"","1517","MDDF_28","MDDF","survey-multi-choice-vertical","51","66164","0.0-59.0-0.0","{""Q0"":""3. Un hombre camina descalzo por el césped y pisa caca de perro fresca.¿En qué medida esto le parece inadecuado o adecuado?""}","{""Q0"":""Poco inadecuado""}",""
"","926","MDDF_29","MDDF","survey-multi-choice-vertical","52","67093","0.0-60.0-0.0","{""Q0"":""3. Un hombre camina descalzo por el césped y pisa caca de perro fresca.¿Usted considera que en esta situación alguien ha sufrido un daño?""}","{""Q0"":"" Si""}",""
"","879.6000000089407","MDDF_30","MDDF","html-slider-response","53","67974","0.0-61.0-0.0-0.0","<div class='justified'>3. Un hombre camina descalzo por el césped y pisa caca de perro fresca.</p><p>Si usted considera que alguien sufrió un daño en esta situación, ¿Que tanto daño cree usted que sufrió? </p></div></br>","3","4"
"","1465","MDDF_31","MDDF","survey-multi-choice-vertical","54","69442","0.0-62.0-0.0","{""Q0"":""4. La mano de una persona está cubierta de sangre luego de cortarse un dedo accidentalmente.¿En qué medida esto le parece inadecuado o adecuado?""}","{""Q0"":""Un poco adecuado""}",""
"","925","MDDF_32","MDDF","survey-multi-choice-vertical","55","70369","0.0-63.0-0.0","{""Q0"":""4. La mano de una persona está cubierta de sangre luego de cortarse un dedo accidentalmente.¿Usted considera que en esta situación alguien ha sufrido un daño?""}","{""Q0"":"" Si""}",""
"","847.2000000029802","MDDF_33","MDDF","html-slider-response","56","71218","0.0-64.0-0.0-0.0","<div class='justified'>4. La mano de una persona está cubierta de sangre luego de cortarse un dedo accidentalmente.</p><p>Si usted considera que alguien sufrió un daño en esta situación, ¿Que tanto daño cree usted que sufrió? </p></div></br>","4","4"
"","1498","MDDF_34","MDDF","survey-multi-choice-vertical","57","72721","0.0-65.0-0.0","{""Q0"":""5. Una mujer bebió un vaso de agua que contenía la saliva de otra persona.¿En qué medida esto le parece inadecuado o adecuado?""}","{""Q0"":""Medianamente inadecuado""}",""
"","983","MDDF_35","MDDF","survey-multi-choice-vertical","58","73705","0.0-66.0-0.0","{""Q0"":""5. Una mujer bebió un vaso de agua que contenía la saliva de otra persona.¿Usted considera que en esta situación alguien ha sufrido un daño?""}","{""Q0"":"" No""}",""
"","1459","MDDF_37","MDDF","survey-multi-choice-vertical","59","75169","0.0-68.0-0.0","{""Q0"":""6. Una persona accidentalmente estornuda sobre otros pasajeros del tren.¿En qué medida esto le parece inadecuado o adecuado?""}","{""Q0"":""Muy inadecuado""}",""
"","1008","MDDF_38","MDDF","survey-multi-choice-vertical","60","76179","0.0-69.0-0.0","{""Q0"":""6. Una persona accidentalmente estornuda sobre otros pasajeros del tren.¿Usted considera que en esta situación alguien ha sufrido un daño?""}","{""Q0"":"" No""}",""
"","1474","MDDF_40","MDDF","survey-multi-choice-vertical","61","77658","0.0-71.0-0.0","{""Q0"":""7. Una mujer no lava sus manos después de usar el baño.¿En qué medida esto le parece inadecuado o adecuado?""}","{""Q0"":""Altamente adecuado""}",""
"","986","MDDF_41","MDDF","survey-multi-choice-vertical","62","78646","0.0-72.0-0.0","{""Q0"":""7. Una mujer no lava sus manos después de usar el baño.¿Usted considera que en esta situación alguien ha sufrido un daño?""}","{""Q0"":"" No""}",""
"[{""page_index"":0,""viewing_time"":616}]","616","Instructions_04","MDDF","instructions","63","79263","0.0-74.0-0.0","","",""
"","1716","MDDF_43","MDDF","survey-multi-choice-vertical","64","80986","0.0-75.0-0.0","{""Q0"":""1. Un hombre toma el tren para ir al trabajo.¿En qué medida esto le parece inadecuado o adecuado?""}","{""Q0"":""Un poco adecuado""}",""
"","1080","MDDF_44","MDDF","survey-multi-choice-vertical","65","82068","0.0-76.0-0.0","{""Q0"":""1. Un hombre toma el tren para ir al trabajo.¿Usted considera que en esta situación alguien ha sufrido un daño?""}","{""Q0"":"" No""}",""
"","1651","MDDF_46","MDDF","survey-multi-choice-vertical","66","83724","0.0-78.0-0.0","{""Q0"":""2. Una mujer va a un restaurante a cenar.¿En qué medida esto le parece inadecuado o adecuado?""}","{""Q0"":""Medianamente inadecuado""}",""
"","1020","MDDF_47","MDDF","survey-multi-choice-vertical","67","84748","0.0-79.0-0.0","{""Q0"":""2. Una mujer va a un restaurante a cenar.¿Usted considera que en esta situación alguien ha sufrido un daño?""}","{""Q0"":"" No""}",""
"","1521","MDDF_49","MDDF","survey-multi-choice-vertical","68","86274","0.0-81.0-0.0","{""Q0"":""3. Una persona va a la tienda a comprar comestibles.¿En qué medida esto le parece inadecuado o adecuado?""}","{""Q0"":""Muy inadecuado""}",""
"","954","MDDF_50","MDDF","survey-multi-choice-vertical","69","87233","0.0-82.0-0.0","{""Q0"":""3. Una persona va a la tienda a comprar comestibles.¿Usted considera que en esta situación alguien ha sufrido un daño?""}","{""Q0"":"" No""}",""
"","1538","MDDF_52","MDDF","survey-multi-choice-vertical","70","88774","0.0-84.0-0.0","{""Q0"":""4. Una persona toma el bus hacia la ciudad el fin de semana.¿En qué medida esto le parece inadecuado o adecuado?""}","{""Q0"":""Altamente adecuado""}",""
"","1021","MDDF_53","MDDF","survey-multi-choice-vertical","71","89797","0.0-85.0-0.0","{""Q0"":""4. Una persona toma el bus hacia la ciudad el fin de semana.¿Usted considera que en esta situación alguien ha sufrido un daño?""}","{""Q0"":"" No""}",""
"","1626","MDDF_55","MDDF","survey-multi-choice-vertical","72","91427","0.0-87.0-0.0","{""Q0"":""5. Una persona tiende su cama en la mañana.¿En qué medida esto le parece inadecuado o adecuado?""}","{""Q0"":""Poco inadecuado""}",""
"","1124","MDDF_56","MDDF","survey-multi-choice-vertical","73","92553","0.0-88.0-0.0","{""Q0"":""5. Una persona tiende su cama en la mañana.¿Usted considera que en esta situación alguien ha sufrido un daño?""}","{""Q0"":"" No""}",""
"","1786","MDDF_58","MDDF","survey-multi-choice-vertical","74","94344","0.0-90.0-0.0","{""Q0"":""6. Una persona toma el ascensor para ir al último piso de un edificio.¿En qué medida esto le parece inadecuado o adecuado?""}","{""Q0"":""Medianamente inadecuado""}",""
"","1229","MDDF_59","MDDF","survey-multi-choice-vertical","75","95575","0.0-91.0-0.0","{""Q0"":""6. Una persona toma el ascensor para ir al último piso de un edificio.¿Usted considera que en esta situación alguien ha sufrido un daño?""}","{""Q0"":"" No""}",""
"","1845","MDDF_61","MDDF","survey-multi-choice-vertical","76","97426","0.0-93.0-0.0","{""Q0"":""7. Una persona come una manzana al desayuno.¿En qué medida esto le parece inadecuado o adecuado?""}","{""Q0"":""Medianamente inadecuado""}",""
"","1111","MDDF_62","MDDF","survey-multi-choice-vertical","77","98539","0.0-94.0-0.0","{""Q0"":""7. Una persona come una manzana al desayuno.¿Usted considera que en esta situación alguien ha sufrido un daño?""}","{""Q0"":"" No""}",""
