"view_history","rt","trialid","procedure","trial_type","trial_index","time_elapsed","internal_node_id","stimulus","response"
"[{""page_index"":0,""viewing_time"":1349}]","1350","Instructions_01","CRS","instructions","5","4971","0.0-6.0-0.0","",""
"","2717","CRS_01","CRS","survey-multi-choice-vertical","6","7697","0.0-7.0-0.0","{""Q0"":""1. ¿Con qué frecuencia piensas en temas religiosos?""}","{""Q0"":"" Rara vez""}"
"","1587","CRS_02","CRS","survey-multi-choice-vertical","7","9288","0.0-8.0-0.0","{""Q0"":""2. ¿Hasta qué punto crees que Dios o algo divino existe?""}","{""Q0"":"" Mucho""}"
"","1718","CRS_03","CRS","survey-multi-choice-vertical","8","11010","0.0-9.0-0.0","{""Q0"":""3. ¿Con qué frecuencia participas en servicios religiosos?""}","{""Q0"":"" Rara vez""}"
"","1550","CRS_04","CRS","survey-multi-choice-vertical","9","12564","0.0-10.0-0.0","{""Q0"":""4. ¿Con qué frecuencia rezas?""}","{""Q0"":"" Ocasionalmente""}"
"","1537","CRS_05","CRS","survey-multi-choice-vertical","10","14107","0.0-11.0-0.0","{""Q0"":""5. ¿Con qué frecuencia meditas?""}","{""Q0"":"" Ocasionalmente""}"
"","1526","CRS_06","CRS","survey-multi-choice-vertical","11","15637","0.0-12.0-0.0","{""Q0"":""6. ¿Con qué frecuencia experimenta situaciones en las que tiene la sensación de que Dios o algo divino interviene en su vida?""}","{""Q0"":"" Muy a menudo""}"
"","1398","CRS_07","CRS","survey-multi-choice-vertical","12","17039","0.0-13.0-0.0","{""Q0"":""7. ¿Con qué frecuencia experimenta situaciones en las que tiene la sensación de ser uno con todos?""}","{""Q0"":"" Rara vez""}"
"","1409","CRS_08","CRS","survey-multi-choice-vertical","13","18450","0.0-14.0-0.0","{""Q0"":""8. ¿Qué tan interesado está en aprender más sobre temas religiosos?""}","{""Q0"":"" Algo""}"
"","1333","CRS_09","CRS","survey-multi-choice-vertical","14","19787","0.0-15.0-0.0","{""Q0"":""9. ¿Hasta qué punto crees en una vida futura? inmortalidad del alma, resurrección de los muertos o reencarnación?""}","{""Q0"":"" Algo""}"
"","1371","CRS_10","CRS","survey-multi-choice-vertical","15","21163","0.0-16.0-0.0","{""Q0"":""10. ¿Qué tan importante es participar en los servicios religiosos?""}","{""Q0"":"" Demasiado""}"
"","1389","CRS_11","CRS","survey-multi-choice-vertical","16","22555","0.0-17.0-0.0","{""Q0"":""11. ¿Qué tan importante es la oración personal para ti?""}","{""Q0"":"" Demasiado""}"
"","1430","CRS_12","CRS","survey-multi-choice-vertical","17","23992","0.0-18.0-0.0","{""Q0"":""12. ¿Qué tan importante es la meditación para ti?""}","{""Q0"":"" Demasiado""}"
"","1420","CRS_13","CRS","survey-multi-choice-vertical","18","25414","0.0-19.0-0.0","{""Q0"":""13. ¿Con qué frecuencia experimentas situaciones en las que tienes la sensación de que Dios o algo divino quiere comunicarte o revelarte algo?""}","{""Q0"":"" Muy a menudo""}"
"","1510","CRS_14","CRS","survey-multi-choice-vertical","19","26928","0.0-20.0-0.0","{""Q0"":""14. ¿Con qué frecuencia experimenta situaciones en las que tiene la sensación de ser tocado por un poder divino?""}","{""Q0"":"" Rara vez""}"
"","1649","CRS_15","CRS","survey-multi-choice-vertical","20","28580","0.0-21.0-0.0","{""Q0"":""15. ¿Con qué frecuencia se mantiene informado sobre cuestiones religiosas a través de la radio, la televisión, internet, periódicos o libros?""}","{""Q0"":"" Nunca""}"
"","1549","CRS_16","CRS","survey-multi-choice-vertical","21","30132","0.0-22.0-0.0","{""Q0"":""16. En tu opinión, ¿qué tan probable es que realmente exista un poder superior?""}","{""Q0"":"" Mucho""}"
"","1515","CRS_17","CRS","survey-multi-choice-vertical","22","31649","0.0-23.0-0.0","{""Q0"":""17. ¿Qué tan importante es para usted estar conectado a una comunidad religiosa?""}","{""Q0"":"" Algo""}"
"","1510","CRS_18","CRS","survey-multi-choice-vertical","23","33167","0.0-24.0-0.0","{""Q0"":""18. ¿Con qué frecuencia rezas espontáneamente cuando te inspiras en situaciones cotidianas?""}","{""Q0"":"" Ocasionalmente""}"
"","1833","CRS_19","CRS","survey-multi-choice-vertical","24","35004","0.0-25.0-0.0","{""Q0"":""19. ¿Con qué frecuencia intentas conectarte a lo divino espontáneamente cuando te inspiras en situaciones cotidianas?""}","{""Q0"":"" A menudo""}"
"","1563","CRS_20","CRS","survey-multi-choice-vertical","25","36571","0.0-26.0-0.0","{""Q0"":""20. ¿Con qué frecuencia experimenta situaciones en las que tiene la sensación de que Dios o algo divino está presente?""}","{""Q0"":"" Muy a menudo""}"
