"view_history","rt","trialid","procedure","trial_type","trial_index","time_elapsed","internal_node_id","stimulus","response","slider_start"
"[{""page_index"":0,""viewing_time"":862}]","863","Instructions_01","MDDF","instructions","27","36672","0.0-29.0-0.0","","",""
"","1897","MDDF_01","MDDF","survey-multi-choice-vertical","28","38573","0.0-30.0-0.0","{""Q0"":""1. A un hombre joven le gusta escuchar a sus vecinos ancianos teniendo relaciones sexuales.¿En qué medida esto le parece inadecuado o adecuado?""}","{""Q0"":""Poco inadecuado""}",""
"","1234","MDDF_02","MDDF","survey-multi-choice-vertical","29","39809","0.0-31.0-0.0","{""Q0"":""1. A un hombre joven le gusta escuchar a sus vecinos ancianos teniendo relaciones sexuales.¿Usted considera que en esta situación alguien ha sufrido un daño?""}","{""Q0"":"" Si""}",""
"","1184.7999999970198","MDDF_03","MDDF","html-slider-response","30","40997","0.0-32.0-0.0-0.0","<div class='justified'>1. A un hombre joven le gusta escuchar a sus vecinos ancianos teniendo relaciones sexuales.</p><p>Si usted considera que alguien sufrió un daño en esta situación, ¿Que tanto daño cree usted que sufrió? </p></div></br>","1","4"
"","1924","MDDF_04","MDDF","survey-multi-choice-vertical","31","42926","0.0-33.0-0.0","{""Q0"":""2. Una pareja de hermanos están de acuerdo en tener sexo protegido.¿En qué medida esto le parece inadecuado o adecuado?""}","{""Q0"":""Sin opinion""}",""
"","1089","MDDF_05","MDDF","survey-multi-choice-vertical","32","44020","0.0-34.0-0.0","{""Q0"":""2. Una pareja de hermanos están de acuerdo en tener sexo protegido.¿Usted considera que en esta situación alguien ha sufrido un daño?""}","{""Q0"":"" Si""}",""
"","919.5","MDDF_06","MDDF","html-slider-response","33","44945","0.0-35.0-0.0-0.0","<div class='justified'>2. Una pareja de hermanos están de acuerdo en tener sexo protegido.</p><p>Si usted considera que alguien sufrió un daño en esta situación, ¿Que tanto daño cree usted que sufrió? </p></div></br>","1","4"
"[{""page_index"":0,""viewing_time"":617}]","618","Instructions_02","MDDF","instructions","34","45564","0.0-36.0-0.0","","",""
"","1577","MDDF_07","MDDF","survey-multi-choice-vertical","35","47147","0.0-37.0-0.0","{""Q0"":""1. Una mujer va deliberadamente a trabajar cuando tiene gripe/influenza.¿En qué medida esto le parece inadecuado o adecuado?""}","{""Q0"":""Un poco adecuado""}",""
"","1106","MDDF_08","MDDF","survey-multi-choice-vertical","36","48255","0.0-38.0-0.0","{""Q0"":""1. Una mujer va deliberadamente a trabajar cuando tiene gripe/influenza.¿Usted considera que en esta situación alguien ha sufrido un daño?""}","{""Q0"":"" No""}",""
"","1605","MDDF_10","MDDF","survey-multi-choice-vertical","37","49864","0.0-40.0-0.0","{""Q0"":""2. El dueño de un hotel no fumigará las camas infestadas de insectos porque es muy caro.¿En qué medida esto le parece inadecuado o adecuado?""}","{""Q0"":""Muy inadecuado""}",""
"","975","MDDF_11","MDDF","survey-multi-choice-vertical","38","50842","0.0-41.0-0.0","{""Q0"":""2. El dueño de un hotel no fumigará las camas infestadas de insectos porque es muy caro.¿Usted considera que en esta situación alguien ha sufrido un daño?""}","{""Q0"":"" No""}",""
"","1581","MDDF_13","MDDF","survey-multi-choice-vertical","39","52428","0.0-43.0-0.0","{""Q0"":""3. Un hombre no se molesta en lavarse las manos antes de preparar el biberón de su bebé.¿En qué medida esto le parece inadecuado o adecuado?""}","{""Q0"":""Poco inadecuado""}",""
"","1003","MDDF_14","MDDF","survey-multi-choice-vertical","40","53437","0.0-44.0-0.0","{""Q0"":""3. Un hombre no se molesta en lavarse las manos antes de preparar el biberón de su bebé.¿Usted considera que en esta situación alguien ha sufrido un daño?""}","{""Q0"":"" Si""}",""
"","911.5","MDDF_15","MDDF","html-slider-response","41","54351","0.0-45.0-0.0-0.0","<div class='justified'>3. Un hombre no se molesta en lavarse las manos antes de preparar el biberón de su bebé.</p><p>Si usted considera que alguien sufrió un daño en esta situación, ¿Que tanto daño cree usted que sufrió? </p></div></br>","3","4"
"","1521","MDDF_16","MDDF","survey-multi-choice-vertical","42","55875","0.0-46.0-0.0","{""Q0"":""4. Un hombre orina intencionalmente en el piso del baño.¿En qué medida esto le parece inadecuado o adecuado?""}","{""Q0"":""Un poco adecuado""}",""
"","973","MDDF_17","MDDF","survey-multi-choice-vertical","43","56851","0.0-47.0-0.0","{""Q0"":""4. Un hombre orina intencionalmente en el piso del baño.¿Usted considera que en esta situación alguien ha sufrido un daño?""}","{""Q0"":"" Si""}",""
"","845.7000000029802","MDDF_18","MDDF","html-slider-response","44","57699","0.0-48.0-0.0-0.0","<div class='justified'>4. Un hombre orina intencionalmente en el piso del baño.</p><p>Si usted considera que alguien sufrió un daño en esta situación, ¿Que tanto daño cree usted que sufrió? </p></div></br>","4","4"
"","1475","MDDF_19","MDDF","survey-multi-choice-vertical","45","59179","0.0-49.0-0.0","{""Q0"":""5. Alguien deja una rata muerta en la cocina de su vecino.¿En qué medida esto le parece inadecuado o adecuado?""}","{""Q0"":""Medianamente inadecuado""}",""
"","941","MDDF_20","MDDF","survey-multi-choice-vertical","46","60121","0.0-50.0-0.0","{""Q0"":""5. Alguien deja una rata muerta en la cocina de su vecino.¿Usted considera que en esta situación alguien ha sufrido un daño?""}","{""Q0"":"" No""}",""
"[{""page_index"":0,""viewing_time"":575}]","576","Instructions_03","MDDF","instructions","47","60698","0.0-52.0-0.0","","",""
"","1540","MDDF_22","MDDF","survey-multi-choice-vertical","48","62241","0.0-53.0-0.0","{""Q0"":""1. Alguien toma un vaso de leche mientras se da cuenta que huele rancia.¿En qué medida esto le parece inadecuado o adecuado?""}","{""Q0"":""Poco inadecuado""}",""
"","936","MDDF_23","MDDF","survey-multi-choice-vertical","49","63179","0.0-54.0-0.0","{""Q0"":""1. Alguien toma un vaso de leche mientras se da cuenta que huele rancia.¿Usted considera que en esta situación alguien ha sufrido un daño?""}","{""Q0"":"" No""}",""
"","1452","MDDF_25","MDDF","survey-multi-choice-vertical","50","64637","0.0-56.0-0.0","{""Q0"":""2. Alguien toca accidentalmente un cadáver.¿En qué medida esto le parece inadecuado o adecuado?""}","{""Q0"":""Altamente adecuado""}",""
"","935","MDDF_26","MDDF","survey-multi-choice-vertical","51","65574","0.0-57.0-0.0","{""Q0"":""2. Alguien toca accidentalmente un cadáver.¿Usted considera que en esta situación alguien ha sufrido un daño?""}","{""Q0"":"" No""}",""
"","1543","MDDF_28","MDDF","survey-multi-choice-vertical","52","67121","0.0-59.0-0.0","{""Q0"":""3. Un hombre camina descalzo por el césped y pisa caca de perro fresca.¿En qué medida esto le parece inadecuado o adecuado?""}","{""Q0"":""Un poco adecuado""}",""
"","941","MDDF_29","MDDF","survey-multi-choice-vertical","53","68064","0.0-60.0-0.0","{""Q0"":""3. Un hombre camina descalzo por el césped y pisa caca de perro fresca.¿Usted considera que en esta situación alguien ha sufrido un daño?""}","{""Q0"":"" Si""}",""
"","889","MDDF_30","MDDF","html-slider-response","54","68955","0.0-61.0-0.0-0.0","<div class='justified'>3. Un hombre camina descalzo por el césped y pisa caca de perro fresca.</p><p>Si usted considera que alguien sufrió un daño en esta situación, ¿Que tanto daño cree usted que sufrió? </p></div></br>","1","4"
"","1483","MDDF_31","MDDF","survey-multi-choice-vertical","55","70442","0.0-62.0-0.0","{""Q0"":""4. La mano de una persona está cubierta de sangre luego de cortarse un dedo accidentalmente.¿En qué medida esto le parece inadecuado o adecuado?""}","{""Q0"":""Sin opinion""}",""
"","956","MDDF_32","MDDF","survey-multi-choice-vertical","56","71400","0.0-63.0-0.0","{""Q0"":""4. La mano de una persona está cubierta de sangre luego de cortarse un dedo accidentalmente.¿Usted considera que en esta situación alguien ha sufrido un daño?""}","{""Q0"":"" Si""}",""
"","815.8999999910593","MDDF_33","MDDF","html-slider-response","57","72218","0.0-64.0-0.0-0.0","<div class='justified'>4. La mano de una persona está cubierta de sangre luego de cortarse un dedo accidentalmente.</p><p>Si usted considera que alguien sufrió un daño en esta situación, ¿Que tanto daño cree usted que sufrió? </p></div></br>","4","4"
"","1487","MDDF_34","MDDF","survey-multi-choice-vertical","58","73710","0.0-65.0-0.0","{""Q0"":""5. Una mujer bebió un vaso de agua que contenía la saliva de otra persona.¿En qué medida esto le parece inadecuado o adecuado?""}","{""Q0"":""Medianamente inadecuado""}",""
"","931","MDDF_35","MDDF","survey-multi-choice-vertical","59","74642","0.0-66.0-0.0","{""Q0"":""5. Una mujer bebió un vaso de agua que contenía la saliva de otra persona.¿Usted considera que en esta situación alguien ha sufrido un daño?""}","{""Q0"":"" Si""}",""
"","810.9000000059605","MDDF_36","MDDF","html-slider-response","60","75455","0.0-67.0-0.0-0.0","<div class='justified'>5. Una mujer bebió un vaso de agua que contenía la saliva de otra persona.</p><p>Si usted considera que alguien sufrió un daño en esta situación, ¿Que tanto daño cree usted que sufrió? </p></div></br>","6","4"
"","1533","MDDF_37","MDDF","survey-multi-choice-vertical","61","76992","0.0-68.0-0.0","{""Q0"":""6. Una persona accidentalmente estornuda sobre otros pasajeros del tren.¿En qué medida esto le parece inadecuado o adecuado?""}","{""Q0"":""Poco inadecuado""}",""
"","954","MDDF_38","MDDF","survey-multi-choice-vertical","62","77947","0.0-69.0-0.0","{""Q0"":""6. Una persona accidentalmente estornuda sobre otros pasajeros del tren.¿Usted considera que en esta situación alguien ha sufrido un daño?""}","{""Q0"":"" No""}",""
"","1531","MDDF_40","MDDF","survey-multi-choice-vertical","63","79484","0.0-71.0-0.0","{""Q0"":""7. Una mujer no lava sus manos después de usar el baño.¿En qué medida esto le parece inadecuado o adecuado?""}","{""Q0"":""Medianamente adecuado""}",""
"","956","MDDF_41","MDDF","survey-multi-choice-vertical","64","80443","0.0-72.0-0.0","{""Q0"":""7. Una mujer no lava sus manos después de usar el baño.¿Usted considera que en esta situación alguien ha sufrido un daño?""}","{""Q0"":"" No""}",""
"[{""page_index"":0,""viewing_time"":622}]","622","Instructions_04","MDDF","instructions","65","81066","0.0-74.0-0.0","","",""
"","1507","MDDF_43","MDDF","survey-multi-choice-vertical","66","82577","0.0-75.0-0.0","{""Q0"":""1. Un hombre toma el tren para ir al trabajo.¿En qué medida esto le parece inadecuado o adecuado?""}","{""Q0"":""Altamente adecuado""}",""
"","1003","MDDF_44","MDDF","survey-multi-choice-vertical","67","83582","0.0-76.0-0.0","{""Q0"":""1. Un hombre toma el tren para ir al trabajo.¿Usted considera que en esta situación alguien ha sufrido un daño?""}","{""Q0"":"" No""}",""
"","1640","MDDF_46","MDDF","survey-multi-choice-vertical","68","85227","0.0-78.0-0.0","{""Q0"":""2. Una mujer va a un restaurante a cenar.¿En qué medida esto le parece inadecuado o adecuado?""}","{""Q0"":""Medianamente inadecuado""}",""
"","1086","MDDF_47","MDDF","survey-multi-choice-vertical","69","86318","0.0-79.0-0.0","{""Q0"":""2. Una mujer va a un restaurante a cenar.¿Usted considera que en esta situación alguien ha sufrido un daño?""}","{""Q0"":"" No""}",""
"","1607","MDDF_49","MDDF","survey-multi-choice-vertical","70","87930","0.0-81.0-0.0","{""Q0"":""3. Una persona va a la tienda a comprar comestibles.¿En qué medida esto le parece inadecuado o adecuado?""}","{""Q0"":""Poco inadecuado""}",""
"","1066","MDDF_50","MDDF","survey-multi-choice-vertical","71","88998","0.0-82.0-0.0","{""Q0"":""3. Una persona va a la tienda a comprar comestibles.¿Usted considera que en esta situación alguien ha sufrido un daño?""}","{""Q0"":"" No""}",""
"","1475","MDDF_52","MDDF","survey-multi-choice-vertical","72","90479","0.0-84.0-0.0","{""Q0"":""4. Una persona toma el bus hacia la ciudad el fin de semana.¿En qué medida esto le parece inadecuado o adecuado?""}","{""Q0"":""Medianamente adecuado""}",""
"","956","MDDF_53","MDDF","survey-multi-choice-vertical","73","91437","0.0-85.0-0.0","{""Q0"":""4. Una persona toma el bus hacia la ciudad el fin de semana.¿Usted considera que en esta situación alguien ha sufrido un daño?""}","{""Q0"":"" No""}",""
"","1565","MDDF_55","MDDF","survey-multi-choice-vertical","74","93007","0.0-87.0-0.0","{""Q0"":""5. Una persona tiende su cama en la mañana.¿En qué medida esto le parece inadecuado o adecuado?""}","{""Q0"":""Un poco adecuado""}",""
"","996","MDDF_56","MDDF","survey-multi-choice-vertical","75","94007","0.0-88.0-0.0","{""Q0"":""5. Una persona tiende su cama en la mañana.¿Usted considera que en esta situación alguien ha sufrido un daño?""}","{""Q0"":"" No""}",""
"","1771","MDDF_58","MDDF","survey-multi-choice-vertical","76","95784","0.0-90.0-0.0","{""Q0"":""6. Una persona toma el ascensor para ir al último piso de un edificio.¿En qué medida esto le parece inadecuado o adecuado?""}","{""Q0"":""Altamente adecuado""}",""
"","1254","MDDF_59","MDDF","survey-multi-choice-vertical","77","97042","0.0-91.0-0.0","{""Q0"":""6. Una persona toma el ascensor para ir al último piso de un edificio.¿Usted considera que en esta situación alguien ha sufrido un daño?""}","{""Q0"":"" No""}",""
"","1752","MDDF_61","MDDF","survey-multi-choice-vertical","78","98801","0.0-93.0-0.0","{""Q0"":""7. Una persona come una manzana al desayuno.¿En qué medida esto le parece inadecuado o adecuado?""}","{""Q0"":""Poco inadecuado""}",""
"","1204","MDDF_62","MDDF","survey-multi-choice-vertical","79","100011","0.0-94.0-0.0","{""Q0"":""7. Una persona come una manzana al desayuno.¿Usted considera que en esta situación alguien ha sufrido un daño?""}","{""Q0"":"" No""}",""
